date,vaccine,people_vaccinated,people_fully_vaccinated,total_vaccinations,location,source_url
2020-12-27,Pfizer/BioNTech,1261,0,1261,Czechia,https://onemocneni-aktualne.mzcr.cz/covid-19
2020-12-28,Pfizer/BioNTech,3560,0,3560,Czechia,https://onemocneni-aktualne.mzcr.cz/covid-19
2020-12-29,Pfizer/BioNTech,7014,0,7014,Czechia,https://onemocneni-aktualne.mzcr.cz/covid-19
2020-12-30,Pfizer/BioNTech,10504,0,10504,Czechia,https://onemocneni-aktualne.mzcr.cz/covid-19
2020-12-31,Pfizer/BioNTech,11810,0,11810,Czechia,https://onemocneni-aktualne.mzcr.cz/covid-19
2021-01-01,Pfizer/BioNTech,12072,0,12072,Czechia,https://onemocneni-aktualne.mzcr.cz/covid-19
2021-01-02,Pfizer/BioNTech,13343,0,13343,Czechia,https://onemocneni-aktualne.mzcr.cz/covid-19
2021-01-03,Pfizer/BioNTech,14260,0,14260,Czechia,https://onemocneni-aktualne.mzcr.cz/covid-19
2021-01-04,"Moderna, Pfizer/BioNTech",17853,0,17853,Czechia,https://onemocneni-aktualne.mzcr.cz/covid-19
2021-01-05,Pfizer/BioNTech,22352,0,22352,Czechia,https://onemocneni-aktualne.mzcr.cz/covid-19
2021-01-06,Pfizer/BioNTech,28184,0,28184,Czechia,https://onemocneni-aktualne.mzcr.cz/covid-19
2021-01-07,Pfizer/BioNTech,36143,0,36143,Czechia,https://onemocneni-aktualne.mzcr.cz/covid-19
2021-01-08,Pfizer/BioNTech,46109,0,46109,Czechia,https://onemocneni-aktualne.mzcr.cz/covid-19
2021-01-09,Pfizer/BioNTech,48128,0,48128,Czechia,https://onemocneni-aktualne.mzcr.cz/covid-19
2021-01-10,Pfizer/BioNTech,49886,0,49886,Czechia,https://onemocneni-aktualne.mzcr.cz/covid-19
2021-01-11,Pfizer/BioNTech,59701,0,59701,Czechia,https://onemocneni-aktualne.mzcr.cz/covid-19
2021-01-12,Pfizer/BioNTech,73097,0,73097,Czechia,https://onemocneni-aktualne.mzcr.cz/covid-19
2021-01-13,Pfizer/BioNTech,86591,0,86591,Czechia,https://onemocneni-aktualne.mzcr.cz/covid-19
2021-01-14,"Moderna, Pfizer/BioNTech",101778,0,101778,Czechia,https://onemocneni-aktualne.mzcr.cz/covid-19
2021-01-15,"Moderna, Pfizer/BioNTech",115733,0,115733,Czechia,https://onemocneni-aktualne.mzcr.cz/covid-19
2021-01-16,"Moderna, Pfizer/BioNTech",119109,2,119111,Czechia,https://onemocneni-aktualne.mzcr.cz/covid-19
2021-01-17,"Moderna, Pfizer/BioNTech",121709,639,122348,Czechia,https://onemocneni-aktualne.mzcr.cz/covid-19
2021-01-18,"Moderna, Pfizer/BioNTech",134176,2458,136634,Czechia,https://onemocneni-aktualne.mzcr.cz/covid-19
2021-01-19,"Moderna, Pfizer/BioNTech",146726,5167,151893,Czechia,https://onemocneni-aktualne.mzcr.cz/covid-19
2021-01-20,"Moderna, Pfizer/BioNTech",160353,7807,168160,Czechia,https://onemocneni-aktualne.mzcr.cz/covid-19
2021-01-21,"Moderna, Pfizer/BioNTech",175949,9536,185485,Czechia,https://onemocneni-aktualne.mzcr.cz/covid-19
2021-01-22,"Moderna, Pfizer/BioNTech",190760,10578,201338,Czechia,https://onemocneni-aktualne.mzcr.cz/covid-19
2021-01-23,"Moderna, Pfizer/BioNTech",194052,11449,205501,Czechia,https://onemocneni-aktualne.mzcr.cz/covid-19
2021-01-24,"Moderna, Pfizer/BioNTech",196296,12315,208611,Czechia,https://onemocneni-aktualne.mzcr.cz/covid-19
2021-01-25,"Moderna, Pfizer/BioNTech",205909,15281,221190,Czechia,https://onemocneni-aktualne.mzcr.cz/covid-19
2021-01-26,"Moderna, Pfizer/BioNTech",216416,19249,235665,Czechia,https://onemocneni-aktualne.mzcr.cz/covid-19
2021-01-27,"Moderna, Pfizer/BioNTech",225416,23757,249173,Czechia,https://onemocneni-aktualne.mzcr.cz/covid-19
2021-01-28,"Moderna, Pfizer/BioNTech",232473,29859,262332,Czechia,https://onemocneni-aktualne.mzcr.cz/covid-19
2021-01-29,"Moderna, Pfizer/BioNTech",238664,37715,276379,Czechia,https://onemocneni-aktualne.mzcr.cz/covid-19
2021-01-30,"Moderna, Pfizer/BioNTech",239390,38801,278191,Czechia,https://onemocneni-aktualne.mzcr.cz/covid-19
2021-01-31,"Moderna, Pfizer/BioNTech",240094,39977,280071,Czechia,https://onemocneni-aktualne.mzcr.cz/covid-19
2021-02-01,"Moderna, Pfizer/BioNTech",244051,47881,291932,Czechia,https://onemocneni-aktualne.mzcr.cz/covid-19
2021-02-02,"Moderna, Pfizer/BioNTech",248172,58084,306256,Czechia,https://onemocneni-aktualne.mzcr.cz/covid-19
2021-02-03,"Moderna, Pfizer/BioNTech",252567,69054,321621,Czechia,https://onemocneni-aktualne.mzcr.cz/covid-19
2021-02-04,"Moderna, Pfizer/BioNTech",257452,82000,339452,Czechia,https://onemocneni-aktualne.mzcr.cz/covid-19
2021-02-05,"Moderna, Pfizer/BioNTech",262894,92638,355532,Czechia,https://onemocneni-aktualne.mzcr.cz/covid-19
2021-02-06,"Moderna, Pfizer/BioNTech",263732,94980,358712,Czechia,https://onemocneni-aktualne.mzcr.cz/covid-19
2021-02-07,"Moderna, Pfizer/BioNTech",264580,97457,362037,Czechia,https://onemocneni-aktualne.mzcr.cz/covid-19
2021-02-08,"Moderna, Oxford/AstraZeneca, Pfizer/BioNTech",268621,108828,377449,Czechia,https://onemocneni-aktualne.mzcr.cz/covid-19
2021-02-09,"Moderna, Oxford/AstraZeneca, Pfizer/BioNTech",273693,120733,394426,Czechia,https://onemocneni-aktualne.mzcr.cz/covid-19
2021-02-10,"Moderna, Pfizer/BioNTech",279168,133922,413090,Czechia,https://onemocneni-aktualne.mzcr.cz/covid-19
2021-02-11,"Moderna, Oxford/AstraZeneca, Pfizer/BioNTech",285458,150075,435533,Czechia,https://onemocneni-aktualne.mzcr.cz/covid-19
2021-02-12,"Moderna, Oxford/AstraZeneca, Pfizer/BioNTech",292181,164741,456922,Czechia,https://onemocneni-aktualne.mzcr.cz/covid-19
2021-02-13,"Moderna, Oxford/AstraZeneca, Pfizer/BioNTech",293766,167716,461482,Czechia,https://onemocneni-aktualne.mzcr.cz/covid-19
2021-02-14,"Moderna, Oxford/AstraZeneca, Pfizer/BioNTech",294757,169089,463846,Czechia,https://onemocneni-aktualne.mzcr.cz/covid-19
2021-02-15,"Moderna, Oxford/AstraZeneca, Pfizer/BioNTech",301139,178412,479551,Czechia,https://onemocneni-aktualne.mzcr.cz/covid-19
2021-02-16,"Moderna, Oxford/AstraZeneca, Pfizer/BioNTech",309832,187448,497280,Czechia,https://onemocneni-aktualne.mzcr.cz/covid-19
2021-02-17,"Moderna, Oxford/AstraZeneca, Pfizer/BioNTech",319501,195710,515211,Czechia,https://onemocneni-aktualne.mzcr.cz/covid-19
2021-02-18,"Moderna, Oxford/AstraZeneca, Pfizer/BioNTech",331784,203723,535507,Czechia,https://onemocneni-aktualne.mzcr.cz/covid-19
2021-02-19,"Moderna, Oxford/AstraZeneca, Pfizer/BioNTech",343611,211020,554631,Czechia,https://onemocneni-aktualne.mzcr.cz/covid-19
2021-02-20,"Moderna, Oxford/AstraZeneca, Pfizer/BioNTech",345581,212187,557768,Czechia,https://onemocneni-aktualne.mzcr.cz/covid-19
2021-02-21,"Moderna, Oxford/AstraZeneca, Pfizer/BioNTech",346685,213198,559883,Czechia,https://onemocneni-aktualne.mzcr.cz/covid-19
2021-02-22,"Moderna, Oxford/AstraZeneca, Pfizer/BioNTech",356782,219195,575977,Czechia,https://onemocneni-aktualne.mzcr.cz/covid-19
2021-02-23,"Moderna, Oxford/AstraZeneca, Pfizer/BioNTech",369675,226136,595811,Czechia,https://onemocneni-aktualne.mzcr.cz/covid-19
2021-02-24,"Moderna, Oxford/AstraZeneca, Pfizer/BioNTech",383506,232138,615644,Czechia,https://onemocneni-aktualne.mzcr.cz/covid-19
2021-02-25,"Moderna, Oxford/AstraZeneca, Pfizer/BioNTech",401444,237663,639107,Czechia,https://onemocneni-aktualne.mzcr.cz/covid-19
2021-02-26,"Moderna, Oxford/AstraZeneca, Pfizer/BioNTech",417572,242980,660552,Czechia,https://onemocneni-aktualne.mzcr.cz/covid-19
2021-02-27,"Moderna, Oxford/AstraZeneca, Pfizer/BioNTech",420570,243528,664098,Czechia,https://onemocneni-aktualne.mzcr.cz/covid-19
2021-02-28,"Moderna, Oxford/AstraZeneca, Pfizer/BioNTech",422912,244071,666983,Czechia,https://onemocneni-aktualne.mzcr.cz/covid-19
2021-03-01,"Moderna, Oxford/AstraZeneca, Pfizer/BioNTech",442405,247480,689885,Czechia,https://onemocneni-aktualne.mzcr.cz/covid-19
2021-03-02,"Moderna, Oxford/AstraZeneca, Pfizer/BioNTech",469566,251006,720572,Czechia,https://onemocneni-aktualne.mzcr.cz/covid-19
2021-03-03,"Moderna, Oxford/AstraZeneca, Pfizer/BioNTech",500328,255483,755811,Czechia,https://onemocneni-aktualne.mzcr.cz/covid-19
2021-03-04,"Moderna, Oxford/AstraZeneca, Pfizer/BioNTech",533469,260140,793609,Czechia,https://onemocneni-aktualne.mzcr.cz/covid-19
2021-03-05,"Johnson&Johnson, Moderna, Oxford/AstraZeneca, Pfizer/BioNTech",562189,265518,827706,Czechia,https://onemocneni-aktualne.mzcr.cz/covid-19
2021-03-06,"Johnson&Johnson, Moderna, Oxford/AstraZeneca, Pfizer/BioNTech",574287,266359,840643,Czechia,https://onemocneni-aktualne.mzcr.cz/covid-19
2021-03-07,"Johnson&Johnson, Moderna, Oxford/AstraZeneca, Pfizer/BioNTech",585679,267191,852865,Czechia,https://onemocneni-aktualne.mzcr.cz/covid-19
2021-03-08,"Johnson&Johnson, Moderna, Oxford/AstraZeneca, Pfizer/BioNTech",615282,272007,887283,Czechia,https://onemocneni-aktualne.mzcr.cz/covid-19
2021-03-09,"Moderna, Oxford/AstraZeneca, Pfizer/BioNTech",651450,278357,929801,Czechia,https://onemocneni-aktualne.mzcr.cz/covid-19
2021-03-10,"Moderna, Oxford/AstraZeneca, Pfizer/BioNTech",692585,285281,977860,Czechia,https://onemocneni-aktualne.mzcr.cz/covid-19
2021-03-11,"Moderna, Oxford/AstraZeneca, Pfizer/BioNTech",737245,293618,1030857,Czechia,https://onemocneni-aktualne.mzcr.cz/covid-19
2021-03-12,"Moderna, Oxford/AstraZeneca, Pfizer/BioNTech",775869,302053,1077916,Czechia,https://onemocneni-aktualne.mzcr.cz/covid-19
2021-03-13,"Moderna, Oxford/AstraZeneca, Pfizer/BioNTech",792895,303338,1096227,Czechia,https://onemocneni-aktualne.mzcr.cz/covid-19
2021-03-14,"Moderna, Oxford/AstraZeneca, Pfizer/BioNTech",804964,304469,1109427,Czechia,https://onemocneni-aktualne.mzcr.cz/covid-19
2021-03-15,"Moderna, Oxford/AstraZeneca, Pfizer/BioNTech",833235,313227,1146456,Czechia,https://onemocneni-aktualne.mzcr.cz/covid-19
2021-03-16,"Moderna, Oxford/AstraZeneca, Pfizer/BioNTech",872024,323722,1195740,Czechia,https://onemocneni-aktualne.mzcr.cz/covid-19
2021-03-17,"Moderna, Oxford/AstraZeneca, Pfizer/BioNTech",909414,334189,1243597,Czechia,https://onemocneni-aktualne.mzcr.cz/covid-19
2021-03-18,"Johnson&Johnson, Moderna, Oxford/AstraZeneca, Pfizer/BioNTech",947246,346564,1293801,Czechia,https://onemocneni-aktualne.mzcr.cz/covid-19
2021-03-19,"Moderna, Oxford/AstraZeneca, Pfizer/BioNTech",981561,360136,1341688,Czechia,https://onemocneni-aktualne.mzcr.cz/covid-19
2021-03-20,"Moderna, Oxford/AstraZeneca, Pfizer/BioNTech",996642,362146,1358779,Czechia,https://onemocneni-aktualne.mzcr.cz/covid-19
2021-03-21,"Moderna, Oxford/AstraZeneca, Pfizer/BioNTech",1004021,363685,1367697,Czechia,https://onemocneni-aktualne.mzcr.cz/covid-19
2021-03-22,"Johnson&Johnson, Moderna, Oxford/AstraZeneca, Pfizer/BioNTech",1028389,376125,1404504,Czechia,https://onemocneni-aktualne.mzcr.cz/covid-19
2021-03-23,"Johnson&Johnson, Moderna, Oxford/AstraZeneca, Pfizer/BioNTech",1054886,389428,1444303,Czechia,https://onemocneni-aktualne.mzcr.cz/covid-19
2021-03-24,"Moderna, Oxford/AstraZeneca, Pfizer/BioNTech",1081665,405092,1486746,Czechia,https://onemocneni-aktualne.mzcr.cz/covid-19
2021-03-25,"Moderna, Oxford/AstraZeneca, Pfizer/BioNTech",1107905,422900,1530794,Czechia,https://onemocneni-aktualne.mzcr.cz/covid-19
2021-03-26,"Moderna, Oxford/AstraZeneca, Pfizer/BioNTech",1132626,440349,1572964,Czechia,https://onemocneni-aktualne.mzcr.cz/covid-19
2021-03-27,"Johnson&Johnson, Moderna, Oxford/AstraZeneca, Pfizer/BioNTech",1141027,445175,1586189,Czechia,https://onemocneni-aktualne.mzcr.cz/covid-19
2021-03-28,"Moderna, Oxford/AstraZeneca, Pfizer/BioNTech",1146555,449298,1595840,Czechia,https://onemocneni-aktualne.mzcr.cz/covid-19
2021-03-29,"Johnson&Johnson, Moderna, Oxford/AstraZeneca, Pfizer/BioNTech",1165564,469934,1635484,Czechia,https://onemocneni-aktualne.mzcr.cz/covid-19
2021-03-30,"Moderna, Oxford/AstraZeneca, Pfizer/BioNTech",1190160,492038,1682184,Czechia,https://onemocneni-aktualne.mzcr.cz/covid-19
2021-03-31,"Johnson&Johnson, Moderna, Oxford/AstraZeneca, Pfizer/BioNTech",1213154,519035,1732172,Czechia,https://onemocneni-aktualne.mzcr.cz/covid-19
2021-04-01,"Johnson&Johnson, Moderna, Oxford/AstraZeneca, Pfizer/BioNTech",1238663,550949,1789593,Czechia,https://onemocneni-aktualne.mzcr.cz/covid-19
2021-04-02,"Johnson&Johnson, Moderna, Oxford/AstraZeneca, Pfizer/BioNTech",1245509,563702,1809183,Czechia,https://onemocneni-aktualne.mzcr.cz/covid-19
2021-04-03,"Johnson&Johnson, Moderna, Oxford/AstraZeneca, Pfizer/BioNTech",1249076,574595,1823642,Czechia,https://onemocneni-aktualne.mzcr.cz/covid-19
2021-04-04,"Moderna, Oxford/AstraZeneca, Pfizer/BioNTech",1251542,583380,1834893,Czechia,https://onemocneni-aktualne.mzcr.cz/covid-19
2021-04-05,"Johnson&Johnson, Moderna, Oxford/AstraZeneca, Pfizer/BioNTech",1253879,590534,1844382,Czechia,https://onemocneni-aktualne.mzcr.cz/covid-19
2021-04-06,"Johnson&Johnson, Moderna, Oxford/AstraZeneca, Pfizer/BioNTech",1269917,619707,1889589,Czechia,https://onemocneni-aktualne.mzcr.cz/covid-19
2021-04-07,"Johnson&Johnson, Moderna, Oxford/AstraZeneca, Pfizer/BioNTech",1293225,641806,1934992,Czechia,https://onemocneni-aktualne.mzcr.cz/covid-19
2021-04-08,"Johnson&Johnson, Moderna, Oxford/AstraZeneca, Pfizer/BioNTech",1331680,672646,2004283,Czechia,https://onemocneni-aktualne.mzcr.cz/covid-19
2021-04-09,"Johnson&Johnson, Moderna, Oxford/AstraZeneca, Pfizer/BioNTech",1370895,702633,2073482,Czechia,https://onemocneni-aktualne.mzcr.cz/covid-19
2021-04-10,"Johnson&Johnson, Moderna, Oxford/AstraZeneca, Pfizer/BioNTech",1386240,717891,2104080,Czechia,https://onemocneni-aktualne.mzcr.cz/covid-19
2021-04-11,"Johnson&Johnson, Moderna, Oxford/AstraZeneca, Pfizer/BioNTech",1395952,727895,2123793,Czechia,https://onemocneni-aktualne.mzcr.cz/covid-19
2021-04-12,"Johnson&Johnson, Moderna, Oxford/AstraZeneca, Pfizer/BioNTech",1433976,752824,2186744,Czechia,https://onemocneni-aktualne.mzcr.cz/covid-19
2021-04-13,"Moderna, Oxford/AstraZeneca, Pfizer/BioNTech",1470034,778716,2248694,Czechia,https://onemocneni-aktualne.mzcr.cz/covid-19
2021-04-14,"Moderna, Oxford/AstraZeneca, Pfizer/BioNTech",1508706,806006,2314656,Czechia,https://onemocneni-aktualne.mzcr.cz/covid-19
2021-04-15,"Moderna, Oxford/AstraZeneca, Pfizer/BioNTech",1556354,831663,2387961,Czechia,https://onemocneni-aktualne.mzcr.cz/covid-19
2021-04-16,"Moderna, Oxford/AstraZeneca, Pfizer/BioNTech",1600833,857228,2458005,Czechia,https://onemocneni-aktualne.mzcr.cz/covid-19
2021-04-17,"Moderna, Oxford/AstraZeneca, Pfizer/BioNTech",1617416,866224,2483584,Czechia,https://onemocneni-aktualne.mzcr.cz/covid-19
2021-04-18,"Moderna, Oxford/AstraZeneca, Pfizer/BioNTech",1630337,871181,2501462,Czechia,https://onemocneni-aktualne.mzcr.cz/covid-19
2021-04-19,"Moderna, Oxford/AstraZeneca, Pfizer/BioNTech",1674186,886546,2560676,Czechia,https://onemocneni-aktualne.mzcr.cz/covid-19
2021-04-20,"Moderna, Oxford/AstraZeneca, Pfizer/BioNTech",1716256,902338,2618538,Czechia,https://onemocneni-aktualne.mzcr.cz/covid-19
2021-04-21,"Moderna, Oxford/AstraZeneca, Pfizer/BioNTech",1763908,916575,2680427,Czechia,https://onemocneni-aktualne.mzcr.cz/covid-19
2021-04-22,"Johnson&Johnson, Moderna, Oxford/AstraZeneca, Pfizer/BioNTech",1818319,933885,2752120,Czechia,https://onemocneni-aktualne.mzcr.cz/covid-19
2021-04-23,"Johnson&Johnson, Moderna, Oxford/AstraZeneca, Pfizer/BioNTech",1868210,945853,2813759,Czechia,https://onemocneni-aktualne.mzcr.cz/covid-19
2021-04-24,"Johnson&Johnson, Moderna, Oxford/AstraZeneca, Pfizer/BioNTech",1885989,951058,2836731,Czechia,https://onemocneni-aktualne.mzcr.cz/covid-19
2021-04-25,"Johnson&Johnson, Moderna, Oxford/AstraZeneca, Pfizer/BioNTech",1900642,955040,2855350,Czechia,https://onemocneni-aktualne.mzcr.cz/covid-19
2021-04-26,"Johnson&Johnson, Moderna, Oxford/AstraZeneca, Pfizer/BioNTech",1950167,962553,2911846,Czechia,https://onemocneni-aktualne.mzcr.cz/covid-19
2021-04-27,"Johnson&Johnson, Moderna, Oxford/AstraZeneca, Pfizer/BioNTech",1999076,974699,2971965,Czechia,https://onemocneni-aktualne.mzcr.cz/covid-19
2021-04-28,"Johnson&Johnson, Moderna, Oxford/AstraZeneca, Pfizer/BioNTech",2057770,988628,3043137,Czechia,https://onemocneni-aktualne.mzcr.cz/covid-19
2021-04-29,"Johnson&Johnson, Moderna, Oxford/AstraZeneca, Pfizer/BioNTech",2123247,1004400,3122779,Czechia,https://onemocneni-aktualne.mzcr.cz/covid-19
2021-04-30,"Johnson&Johnson, Moderna, Oxford/AstraZeneca, Pfizer/BioNTech",2185385,1014286,3193342,Czechia,https://onemocneni-aktualne.mzcr.cz/covid-19
2021-05-01,"Johnson&Johnson, Moderna, Oxford/AstraZeneca, Pfizer/BioNTech",2204652,1017679,3215899,Czechia,https://onemocneni-aktualne.mzcr.cz/covid-19
2021-05-02,"Johnson&Johnson, Moderna, Oxford/AstraZeneca, Pfizer/BioNTech",2223525,1019916,3236980,Czechia,https://onemocneni-aktualne.mzcr.cz/covid-19
2021-05-03,"Johnson&Johnson, Moderna, Oxford/AstraZeneca, Pfizer/BioNTech",2290711,1024936,3308061,Czechia,https://onemocneni-aktualne.mzcr.cz/covid-19
2021-05-04,"Johnson&Johnson, Moderna, Oxford/AstraZeneca, Pfizer/BioNTech",2357100,1033189,3381134,Czechia,https://onemocneni-aktualne.mzcr.cz/covid-19
2021-05-05,"Johnson&Johnson, Moderna, Oxford/AstraZeneca, Pfizer/BioNTech",2430185,1042509,3461569,Czechia,https://onemocneni-aktualne.mzcr.cz/covid-19
2021-05-06,"Johnson&Johnson, Moderna, Oxford/AstraZeneca, Pfizer/BioNTech",2510474,1053104,3550483,Czechia,https://onemocneni-aktualne.mzcr.cz/covid-19
2021-05-07,"Johnson&Johnson, Moderna, Oxford/AstraZeneca, Pfizer/BioNTech",2587671,1063071,3635717,Czechia,https://onemocneni-aktualne.mzcr.cz/covid-19
2021-05-08,"Johnson&Johnson, Moderna, Oxford/AstraZeneca, Pfizer/BioNTech",2617047,1064777,3666652,Czechia,https://onemocneni-aktualne.mzcr.cz/covid-19
2021-05-09,"Johnson&Johnson, Moderna, Oxford/AstraZeneca, Pfizer/BioNTech",2641196,1065952,3691967,Czechia,https://onemocneni-aktualne.mzcr.cz/covid-19
2021-05-10,"Johnson&Johnson, Moderna, Oxford/AstraZeneca, Pfizer/BioNTech",2713844,1073066,3770049,Czechia,https://onemocneni-aktualne.mzcr.cz/covid-19
2021-05-11,"Johnson&Johnson, Moderna, Oxford/AstraZeneca, Pfizer/BioNTech",2789857,1081805,3852984,Czechia,https://onemocneni-aktualne.mzcr.cz/covid-19
2021-05-12,"Johnson&Johnson, Moderna, Oxford/AstraZeneca, Pfizer/BioNTech",2869614,1090796,3940151,Czechia,https://onemocneni-aktualne.mzcr.cz/covid-19
2021-05-13,"Johnson&Johnson, Moderna, Oxford/AstraZeneca, Pfizer/BioNTech",2953511,1099871,4031618,Czechia,https://onemocneni-aktualne.mzcr.cz/covid-19
2021-05-14,"Johnson&Johnson, Moderna, Oxford/AstraZeneca, Pfizer/BioNTech",3032818,1107570,4117528,Czechia,https://onemocneni-aktualne.mzcr.cz/covid-19
2021-05-15,"Johnson&Johnson, Moderna, Oxford/AstraZeneca, Pfizer/BioNTech",3064631,1109734,4151441,Czechia,https://onemocneni-aktualne.mzcr.cz/covid-19
2021-05-16,"Johnson&Johnson, Moderna, Oxford/AstraZeneca, Pfizer/BioNTech",3090360,1110915,4178342,Czechia,https://onemocneni-aktualne.mzcr.cz/covid-19
2021-05-17,"Johnson&Johnson, Moderna, Oxford/AstraZeneca, Pfizer/BioNTech",3162790,1117563,4256543,Czechia,https://onemocneni-aktualne.mzcr.cz/covid-19
2021-05-18,"Johnson&Johnson, Moderna, Oxford/AstraZeneca, Pfizer/BioNTech",3234635,1130502,4340331,Czechia,https://onemocneni-aktualne.mzcr.cz/covid-19
2021-05-19,"Johnson&Johnson, Moderna, Oxford/AstraZeneca, Pfizer/BioNTech",3311982,1145537,4431490,Czechia,https://onemocneni-aktualne.mzcr.cz/covid-19
2021-05-20,"Johnson&Johnson, Moderna, Oxford/AstraZeneca, Pfizer/BioNTech",3387279,1172413,4532039,Czechia,https://onemocneni-aktualne.mzcr.cz/covid-19
2021-05-21,"Johnson&Johnson, Moderna, Oxford/AstraZeneca, Pfizer/BioNTech",3455984,1200018,4626923,Czechia,https://onemocneni-aktualne.mzcr.cz/covid-19
2021-05-22,"Johnson&Johnson, Moderna, Oxford/AstraZeneca, Pfizer/BioNTech",3488266,1211072,4670088,Czechia,https://onemocneni-aktualne.mzcr.cz/covid-19
2021-05-23,"Johnson&Johnson, Moderna, Oxford/AstraZeneca, Pfizer/BioNTech",3510541,1220030,4701314,Czechia,https://onemocneni-aktualne.mzcr.cz/covid-19
2021-05-24,"Johnson&Johnson, Moderna, Oxford/AstraZeneca, Pfizer/BioNTech",3557566,1253496,4780529,Czechia,https://onemocneni-aktualne.mzcr.cz/covid-19
2021-05-25,"Johnson&Johnson, Moderna, Oxford/AstraZeneca, Pfizer/BioNTech",3609330,1289120,4866133,Czechia,https://onemocneni-aktualne.mzcr.cz/covid-19
2021-05-26,"Johnson&Johnson, Moderna, Oxford/AstraZeneca, Pfizer/BioNTech",3676982,1326503,4969259,Czechia,https://onemocneni-aktualne.mzcr.cz/covid-19
2021-05-27,"Johnson&Johnson, Moderna, Oxford/AstraZeneca, Pfizer/BioNTech",3738267,1373703,5075629,Czechia,https://onemocneni-aktualne.mzcr.cz/covid-19
2021-05-28,"Johnson&Johnson, Moderna, Oxford/AstraZeneca, Pfizer/BioNTech",3799880,1420083,5181525,Czechia,https://onemocneni-aktualne.mzcr.cz/covid-19
2021-05-29,"Johnson&Johnson, Moderna, Oxford/AstraZeneca, Pfizer/BioNTech",3828993,1437113,5227531,Czechia,https://onemocneni-aktualne.mzcr.cz/covid-19
2021-05-30,"Johnson&Johnson, Moderna, Oxford/AstraZeneca, Pfizer/BioNTech",3851306,1451482,5264211,Czechia,https://onemocneni-aktualne.mzcr.cz/covid-19
2021-05-31,"Johnson&Johnson, Moderna, Oxford/AstraZeneca, Pfizer/BioNTech",3906953,1498824,5365354,Czechia,https://onemocneni-aktualne.mzcr.cz/covid-19
2021-06-01,"Johnson&Johnson, Moderna, Oxford/AstraZeneca, Pfizer/BioNTech",3965879,1547109,5470290,Czechia,https://onemocneni-aktualne.mzcr.cz/covid-19
2021-06-02,"Johnson&Johnson, Moderna, Oxford/AstraZeneca, Pfizer/BioNTech",4028682,1600970,5584489,Czechia,https://onemocneni-aktualne.mzcr.cz/covid-19
2021-06-03,"Johnson&Johnson, Moderna, Oxford/AstraZeneca, Pfizer/BioNTech",4086819,1661015,5699865,Czechia,https://onemocneni-aktualne.mzcr.cz/covid-19
2021-06-04,"Johnson&Johnson, Moderna, Oxford/AstraZeneca, Pfizer/BioNTech",4149808,1718272,5816863,Czechia,https://onemocneni-aktualne.mzcr.cz/covid-19
2021-06-05,"Johnson&Johnson, Moderna, Oxford/AstraZeneca, Pfizer/BioNTech",4183890,1737006,5869557,Czechia,https://onemocneni-aktualne.mzcr.cz/covid-19
2021-06-06,"Johnson&Johnson, Moderna, Oxford/AstraZeneca, Pfizer/BioNTech",4210766,1752061,5911421,Czechia,https://onemocneni-aktualne.mzcr.cz/covid-19
2021-06-07,"Johnson&Johnson, Moderna, Oxford/AstraZeneca, Pfizer/BioNTech",4274323,1807558,6027351,Czechia,https://onemocneni-aktualne.mzcr.cz/covid-19
2021-06-08,"Johnson&Johnson, Moderna, Oxford/AstraZeneca, Pfizer/BioNTech",4338170,1862407,6142990,Czechia,https://onemocneni-aktualne.mzcr.cz/covid-19
2021-06-09,"Johnson&Johnson, Moderna, Oxford/AstraZeneca, Pfizer/BioNTech",4397165,1926647,6262609,Czechia,https://onemocneni-aktualne.mzcr.cz/covid-19
2021-06-10,"Johnson&Johnson, Moderna, Oxford/AstraZeneca, Pfizer/BioNTech",4450755,1997540,6383989,Czechia,https://onemocneni-aktualne.mzcr.cz/covid-19
2021-06-11,"Johnson&Johnson, Moderna, Oxford/AstraZeneca, Pfizer/BioNTech",4502716,2067072,6502350,Czechia,https://onemocneni-aktualne.mzcr.cz/covid-19
2021-06-12,"Johnson&Johnson, Moderna, Oxford/AstraZeneca, Pfizer/BioNTech",4534638,2087772,6554877,Czechia,https://onemocneni-aktualne.mzcr.cz/covid-19
2021-06-13,"Johnson&Johnson, Moderna, Oxford/AstraZeneca, Pfizer/BioNTech",4558615,2106099,6597128,Czechia,https://onemocneni-aktualne.mzcr.cz/covid-19
2021-06-14,"Johnson&Johnson, Moderna, Oxford/AstraZeneca, Pfizer/BioNTech",4600962,2180300,6711307,Czechia,https://onemocneni-aktualne.mzcr.cz/covid-19
2021-06-15,"Johnson&Johnson, Moderna, Oxford/AstraZeneca, Pfizer/BioNTech",4645018,2252453,6825352,Czechia,https://onemocneni-aktualne.mzcr.cz/covid-19
2021-06-16,"Johnson&Johnson, Moderna, Oxford/AstraZeneca, Pfizer/BioNTech",4687011,2330483,6942858,Czechia,https://onemocneni-aktualne.mzcr.cz/covid-19
2021-06-17,"Johnson&Johnson, Moderna, Oxford/AstraZeneca, Pfizer/BioNTech",4725887,2413364,7062434,Czechia,https://onemocneni-aktualne.mzcr.cz/covid-19
2021-06-18,"Johnson&Johnson, Moderna, Oxford/AstraZeneca, Pfizer/BioNTech",4767408,2493647,7182209,Czechia,https://onemocneni-aktualne.mzcr.cz/covid-19
2021-06-19,"Johnson&Johnson, Moderna, Oxford/AstraZeneca, Pfizer/BioNTech",4789088,2522828,7233048,Czechia,https://onemocneni-aktualne.mzcr.cz/covid-19
2021-06-20,"Johnson&Johnson, Moderna, Oxford/AstraZeneca, Pfizer/BioNTech",4806406,2546554,7274055,Czechia,https://onemocneni-aktualne.mzcr.cz/covid-19
2021-06-21,"Johnson&Johnson, Moderna, Oxford/AstraZeneca, Pfizer/BioNTech",4838820,2624929,7383410,Czechia,https://onemocneni-aktualne.mzcr.cz/covid-19
2021-06-22,"Johnson&Johnson, Moderna, Oxford/AstraZeneca, Pfizer/BioNTech",4871060,2706992,7496099,Czechia,https://onemocneni-aktualne.mzcr.cz/covid-19
2021-06-23,"Johnson&Johnson, Moderna, Oxford/AstraZeneca, Pfizer/BioNTech",4902023,2792027,7610302,Czechia,https://onemocneni-aktualne.mzcr.cz/covid-19
2021-06-24,"Johnson&Johnson, Moderna, Oxford/AstraZeneca, Pfizer/BioNTech",4931712,2881902,7728038,Czechia,https://onemocneni-aktualne.mzcr.cz/covid-19
2021-06-25,"Johnson&Johnson, Moderna, Oxford/AstraZeneca, Pfizer/BioNTech",4962539,2967811,7843072,Czechia,https://onemocneni-aktualne.mzcr.cz/covid-19
2021-06-26,"Johnson&Johnson, Moderna, Oxford/AstraZeneca, Pfizer/BioNTech",4978300,3002490,7893483,Czechia,https://onemocneni-aktualne.mzcr.cz/covid-19
2021-06-27,"Johnson&Johnson, Moderna, Oxford/AstraZeneca, Pfizer/BioNTech",4992142,3029037,7933865,Czechia,https://onemocneni-aktualne.mzcr.cz/covid-19
2021-06-28,"Johnson&Johnson, Moderna, Oxford/AstraZeneca, Pfizer/BioNTech",5020313,3114023,8045771,Czechia,https://onemocneni-aktualne.mzcr.cz/covid-19
2021-06-29,"Johnson&Johnson, Moderna, Oxford/AstraZeneca, Pfizer/BioNTech",5049244,3200322,8159554,Czechia,https://onemocneni-aktualne.mzcr.cz/covid-19
2021-06-30,"Johnson&Johnson, Moderna, Oxford/AstraZeneca, Pfizer/BioNTech",5076508,3291035,8276190,Czechia,https://onemocneni-aktualne.mzcr.cz/covid-19
2021-07-01,"Johnson&Johnson, Moderna, Oxford/AstraZeneca, Pfizer/BioNTech",5100082,3380766,8387787,Czechia,https://onemocneni-aktualne.mzcr.cz/covid-19
2021-07-02,"Johnson&Johnson, Moderna, Oxford/AstraZeneca, Pfizer/BioNTech",5126543,3466297,8498097,Czechia,https://onemocneni-aktualne.mzcr.cz/covid-19
2021-07-03,"Johnson&Johnson, Moderna, Oxford/AstraZeneca, Pfizer/BioNTech",5133527,3497689,8536462,Czechia,https://onemocneni-aktualne.mzcr.cz/covid-19
2021-07-04,"Johnson&Johnson, Moderna, Oxford/AstraZeneca, Pfizer/BioNTech",5141005,3519411,8565655,Czechia,https://onemocneni-aktualne.mzcr.cz/covid-19
2021-07-05,"Johnson&Johnson, Moderna, Oxford/AstraZeneca, Pfizer/BioNTech",5148278,3544667,8598172,Czechia,https://onemocneni-aktualne.mzcr.cz/covid-19
2021-07-06,"Johnson&Johnson, Moderna, Oxford/AstraZeneca, Pfizer/BioNTech",5153605,3572186,8631002,Czechia,https://onemocneni-aktualne.mzcr.cz/covid-19
2021-07-07,"Johnson&Johnson, Moderna, Oxford/AstraZeneca, Pfizer/BioNTech",5179100,3650871,8734260,Czechia,https://onemocneni-aktualne.mzcr.cz/covid-19
2021-07-08,"Johnson&Johnson, Moderna, Oxford/AstraZeneca, Pfizer/BioNTech",5205456,3720967,8829409,Czechia,https://onemocneni-aktualne.mzcr.cz/covid-19
2021-07-09,"Johnson&Johnson, Moderna, Oxford/AstraZeneca, Pfizer/BioNTech",5233046,3789979,8924592,Czechia,https://onemocneni-aktualne.mzcr.cz/covid-19
2021-07-10,"Johnson&Johnson, Moderna, Oxford/AstraZeneca, Pfizer/BioNTech",5242274,3818473,8962296,Czechia,https://onemocneni-aktualne.mzcr.cz/covid-19
2021-07-11,"Johnson&Johnson, Moderna, Oxford/AstraZeneca, Pfizer/BioNTech",5250724,3841282,8993526,Czechia,https://onemocneni-aktualne.mzcr.cz/covid-19
2021-07-12,"Johnson&Johnson, Moderna, Oxford/AstraZeneca, Pfizer/BioNTech",5277901,3910138,9088248,Czechia,https://onemocneni-aktualne.mzcr.cz/covid-19
2021-07-13,"Johnson&Johnson, Moderna, Oxford/AstraZeneca, Pfizer/BioNTech",5303750,3979761,9181884,Czechia,https://onemocneni-aktualne.mzcr.cz/covid-19
2021-07-14,"Johnson&Johnson, Moderna, Oxford/AstraZeneca, Pfizer/BioNTech",5329383,4051528,9277306,Czechia,https://onemocneni-aktualne.mzcr.cz/covid-19
2021-07-15,"Johnson&Johnson, Moderna, Oxford/AstraZeneca, Pfizer/BioNTech",5358280,4117271,9369601,Czechia,https://onemocneni-aktualne.mzcr.cz/covid-19
2021-07-16,"Johnson&Johnson, Moderna, Oxford/AstraZeneca, Pfizer/BioNTech",5385706,4189673,9466972,Czechia,https://onemocneni-aktualne.mzcr.cz/covid-19
2021-07-17,"Johnson&Johnson, Moderna, Oxford/AstraZeneca, Pfizer/BioNTech",5394371,4221002,9506477,Czechia,https://onemocneni-aktualne.mzcr.cz/covid-19
2021-07-18,"Johnson&Johnson, Moderna, Oxford/AstraZeneca, Pfizer/BioNTech",5402730,4246901,9540195,Czechia,https://onemocneni-aktualne.mzcr.cz/covid-19
2021-07-19,"Johnson&Johnson, Moderna, Oxford/AstraZeneca, Pfizer/BioNTech",5425869,4313657,9628638,Czechia,https://onemocneni-aktualne.mzcr.cz/covid-19
2021-07-20,"Johnson&Johnson, Moderna, Oxford/AstraZeneca, Pfizer/BioNTech",5447023,4380416,9714651,Czechia,https://onemocneni-aktualne.mzcr.cz/covid-19
2021-07-21,"Johnson&Johnson, Moderna, Oxford/AstraZeneca, Pfizer/BioNTech",5470136,4443541,9798108,Czechia,https://onemocneni-aktualne.mzcr.cz/covid-19
2021-07-22,"Johnson&Johnson, Moderna, Oxford/AstraZeneca, Pfizer/BioNTech",5492261,4501714,9875391,Czechia,https://onemocneni-aktualne.mzcr.cz/covid-19
2021-07-23,"Johnson&Johnson, Moderna, Oxford/AstraZeneca, Pfizer/BioNTech",5515089,4555930,9949425,Czechia,https://onemocneni-aktualne.mzcr.cz/covid-19
2021-07-24,"Johnson&Johnson, Moderna, Oxford/AstraZeneca, Pfizer/BioNTech",5522286,4583390,9982956,Czechia,https://onemocneni-aktualne.mzcr.cz/covid-19
2021-07-25,"Johnson&Johnson, Moderna, Oxford/AstraZeneca, Pfizer/BioNTech",5528732,4605231,10010223,Czechia,https://onemocneni-aktualne.mzcr.cz/covid-19
2021-07-26,"Johnson&Johnson, Moderna, Oxford/AstraZeneca, Pfizer/BioNTech",5551706,4652620,10078286,Czechia,https://onemocneni-aktualne.mzcr.cz/covid-19
2021-07-27,"Johnson&Johnson, Moderna, Oxford/AstraZeneca, Pfizer/BioNTech",5573783,4698129,10142959,Czechia,https://onemocneni-aktualne.mzcr.cz/covid-19
2021-07-28,"Johnson&Johnson, Moderna, Oxford/AstraZeneca, Pfizer/BioNTech",5594448,4743042,10205073,Czechia,https://onemocneni-aktualne.mzcr.cz/covid-19
2021-07-29,"Johnson&Johnson, Moderna, Oxford/AstraZeneca, Pfizer/BioNTech",5615294,4784135,10263932,Czechia,https://onemocneni-aktualne.mzcr.cz/covid-19
2021-07-30,"Johnson&Johnson, Moderna, Oxford/AstraZeneca, Pfizer/BioNTech",5637830,4825325,10324603,Czechia,https://onemocneni-aktualne.mzcr.cz/covid-19
2021-07-31,"Johnson&Johnson, Moderna, Oxford/AstraZeneca, Pfizer/BioNTech",5646615,4844700,10351254,Czechia,https://onemocneni-aktualne.mzcr.cz/covid-19
2021-08-01,"Johnson&Johnson, Moderna, Oxford/AstraZeneca, Pfizer/BioNTech",5653214,4860757,10372597,Czechia,https://onemocneni-aktualne.mzcr.cz/covid-19
2021-08-02,"Johnson&Johnson, Moderna, Oxford/AstraZeneca, Pfizer/BioNTech",5671430,4897867,10425632,Czechia,https://onemocneni-aktualne.mzcr.cz/covid-19
2021-08-03,"Johnson&Johnson, Moderna, Oxford/AstraZeneca, Pfizer/BioNTech",5688472,4934825,10476735,Czechia,https://onemocneni-aktualne.mzcr.cz/covid-19
2021-08-04,"Johnson&Johnson, Moderna, Oxford/AstraZeneca, Pfizer/BioNTech",5704135,4970564,10525392,Czechia,https://onemocneni-aktualne.mzcr.cz/covid-19
2021-08-05,"Johnson&Johnson, Moderna, Oxford/AstraZeneca, Pfizer/BioNTech",5719379,5010005,10577278,Czechia,https://onemocneni-aktualne.mzcr.cz/covid-19
2021-08-06,"Johnson&Johnson, Moderna, Oxford/AstraZeneca, Pfizer/BioNTech",5735091,5051604,10632040,Czechia,https://onemocneni-aktualne.mzcr.cz/covid-19
2021-08-07,"Johnson&Johnson, Moderna, Oxford/AstraZeneca, Pfizer/BioNTech",5739760,5068653,10652930,Czechia,https://onemocneni-aktualne.mzcr.cz/covid-19
