date,people_vaccinated,people_fully_vaccinated,vaccine,total_vaccinations,source_url,location
2020-12-02,0,0,Pfizer/BioNTech,0,https://www.fhi.no/sv/vaksine/koronavaksinasjonsprogrammet/koronavaksinasjonsstatistikk/,Norway
2020-12-03,0,0,Pfizer/BioNTech,0,https://www.fhi.no/sv/vaksine/koronavaksinasjonsprogrammet/koronavaksinasjonsstatistikk/,Norway
2020-12-04,0,0,Pfizer/BioNTech,0,https://www.fhi.no/sv/vaksine/koronavaksinasjonsprogrammet/koronavaksinasjonsstatistikk/,Norway
2020-12-05,0,0,Pfizer/BioNTech,0,https://www.fhi.no/sv/vaksine/koronavaksinasjonsprogrammet/koronavaksinasjonsstatistikk/,Norway
2020-12-06,0,0,Pfizer/BioNTech,0,https://www.fhi.no/sv/vaksine/koronavaksinasjonsprogrammet/koronavaksinasjonsstatistikk/,Norway
2020-12-07,0,0,Pfizer/BioNTech,0,https://www.fhi.no/sv/vaksine/koronavaksinasjonsprogrammet/koronavaksinasjonsstatistikk/,Norway
2020-12-08,0,0,Pfizer/BioNTech,0,https://www.fhi.no/sv/vaksine/koronavaksinasjonsprogrammet/koronavaksinasjonsstatistikk/,Norway
2020-12-09,0,0,Pfizer/BioNTech,0,https://www.fhi.no/sv/vaksine/koronavaksinasjonsprogrammet/koronavaksinasjonsstatistikk/,Norway
2020-12-10,0,0,Pfizer/BioNTech,0,https://www.fhi.no/sv/vaksine/koronavaksinasjonsprogrammet/koronavaksinasjonsstatistikk/,Norway
2020-12-11,0,0,Pfizer/BioNTech,0,https://www.fhi.no/sv/vaksine/koronavaksinasjonsprogrammet/koronavaksinasjonsstatistikk/,Norway
2020-12-12,0,0,Pfizer/BioNTech,0,https://www.fhi.no/sv/vaksine/koronavaksinasjonsprogrammet/koronavaksinasjonsstatistikk/,Norway
2020-12-13,0,0,Pfizer/BioNTech,0,https://www.fhi.no/sv/vaksine/koronavaksinasjonsprogrammet/koronavaksinasjonsstatistikk/,Norway
2020-12-14,0,0,Pfizer/BioNTech,0,https://www.fhi.no/sv/vaksine/koronavaksinasjonsprogrammet/koronavaksinasjonsstatistikk/,Norway
2020-12-15,0,0,Pfizer/BioNTech,0,https://www.fhi.no/sv/vaksine/koronavaksinasjonsprogrammet/koronavaksinasjonsstatistikk/,Norway
2020-12-16,0,0,Pfizer/BioNTech,0,https://www.fhi.no/sv/vaksine/koronavaksinasjonsprogrammet/koronavaksinasjonsstatistikk/,Norway
2020-12-17,6,0,Pfizer/BioNTech,6,https://www.fhi.no/sv/vaksine/koronavaksinasjonsprogrammet/koronavaksinasjonsstatistikk/,Norway
2020-12-18,15,0,Pfizer/BioNTech,15,https://www.fhi.no/sv/vaksine/koronavaksinasjonsprogrammet/koronavaksinasjonsstatistikk/,Norway
2020-12-19,15,0,Pfizer/BioNTech,15,https://www.fhi.no/sv/vaksine/koronavaksinasjonsprogrammet/koronavaksinasjonsstatistikk/,Norway
2020-12-20,15,0,Pfizer/BioNTech,15,https://www.fhi.no/sv/vaksine/koronavaksinasjonsprogrammet/koronavaksinasjonsstatistikk/,Norway
2020-12-21,20,0,Pfizer/BioNTech,20,https://www.fhi.no/sv/vaksine/koronavaksinasjonsprogrammet/koronavaksinasjonsstatistikk/,Norway
2020-12-22,29,0,Pfizer/BioNTech,29,https://www.fhi.no/sv/vaksine/koronavaksinasjonsprogrammet/koronavaksinasjonsstatistikk/,Norway
2020-12-23,38,0,Pfizer/BioNTech,38,https://www.fhi.no/sv/vaksine/koronavaksinasjonsprogrammet/koronavaksinasjonsstatistikk/,Norway
2020-12-24,48,0,Pfizer/BioNTech,48,https://www.fhi.no/sv/vaksine/koronavaksinasjonsprogrammet/koronavaksinasjonsstatistikk/,Norway
2020-12-25,48,0,Pfizer/BioNTech,48,https://www.fhi.no/sv/vaksine/koronavaksinasjonsprogrammet/koronavaksinasjonsstatistikk/,Norway
2020-12-26,53,0,Pfizer/BioNTech,53,https://www.fhi.no/sv/vaksine/koronavaksinasjonsprogrammet/koronavaksinasjonsstatistikk/,Norway
2020-12-27,69,0,Pfizer/BioNTech,69,https://www.fhi.no/sv/vaksine/koronavaksinasjonsprogrammet/koronavaksinasjonsstatistikk/,Norway
2020-12-28,688,0,Pfizer/BioNTech,688,https://www.fhi.no/sv/vaksine/koronavaksinasjonsprogrammet/koronavaksinasjonsstatistikk/,Norway
2020-12-29,1771,0,Pfizer/BioNTech,1771,https://www.fhi.no/sv/vaksine/koronavaksinasjonsprogrammet/koronavaksinasjonsstatistikk/,Norway
2020-12-30,2225,0,Pfizer/BioNTech,2225,https://www.fhi.no/sv/vaksine/koronavaksinasjonsprogrammet/koronavaksinasjonsstatistikk/,Norway
2020-12-31,2308,0,Pfizer/BioNTech,2308,https://www.fhi.no/sv/vaksine/koronavaksinasjonsprogrammet/koronavaksinasjonsstatistikk/,Norway
2021-01-01,2325,0,Pfizer/BioNTech,2325,https://www.fhi.no/sv/vaksine/koronavaksinasjonsprogrammet/koronavaksinasjonsstatistikk/,Norway
2021-01-02,2340,0,Pfizer/BioNTech,2340,https://www.fhi.no/sv/vaksine/koronavaksinasjonsprogrammet/koronavaksinasjonsstatistikk/,Norway
2021-01-03,2367,0,Pfizer/BioNTech,2367,https://www.fhi.no/sv/vaksine/koronavaksinasjonsprogrammet/koronavaksinasjonsstatistikk/,Norway
2021-01-04,2391,0,Pfizer/BioNTech,2391,https://www.fhi.no/sv/vaksine/koronavaksinasjonsprogrammet/koronavaksinasjonsstatistikk/,Norway
2021-01-05,5814,0,Pfizer/BioNTech,5814,https://www.fhi.no/sv/vaksine/koronavaksinasjonsprogrammet/koronavaksinasjonsstatistikk/,Norway
2021-01-06,14931,6,Pfizer/BioNTech,14937,https://www.fhi.no/sv/vaksine/koronavaksinasjonsprogrammet/koronavaksinasjonsstatistikk/,Norway
2021-01-07,21529,6,Pfizer/BioNTech,21535,https://www.fhi.no/sv/vaksine/koronavaksinasjonsprogrammet/koronavaksinasjonsstatistikk/,Norway
2021-01-08,23175,11,Pfizer/BioNTech,23186,https://www.fhi.no/sv/vaksine/koronavaksinasjonsprogrammet/koronavaksinasjonsstatistikk/,Norway
2021-01-09,23341,11,Pfizer/BioNTech,23352,https://www.fhi.no/sv/vaksine/koronavaksinasjonsprogrammet/koronavaksinasjonsstatistikk/,Norway
2021-01-10,23470,11,Pfizer/BioNTech,23481,https://www.fhi.no/sv/vaksine/koronavaksinasjonsprogrammet/koronavaksinasjonsstatistikk/,Norway
2021-01-11,23873,11,Pfizer/BioNTech,23884,https://www.fhi.no/sv/vaksine/koronavaksinasjonsprogrammet/koronavaksinasjonsstatistikk/,Norway
2021-01-12,28210,18,Pfizer/BioNTech,28228,https://www.fhi.no/sv/vaksine/koronavaksinasjonsprogrammet/koronavaksinasjonsstatistikk/,Norway
2021-01-13,38122,25,Pfizer/BioNTech,38147,https://www.fhi.no/sv/vaksine/koronavaksinasjonsprogrammet/koronavaksinasjonsstatistikk/,Norway
2021-01-14,46676,30,Pfizer/BioNTech,46706,https://www.fhi.no/sv/vaksine/koronavaksinasjonsprogrammet/koronavaksinasjonsstatistikk/,Norway
2021-01-15,51259,30,"Moderna, Pfizer/BioNTech",51289,https://www.fhi.no/sv/vaksine/koronavaksinasjonsprogrammet/koronavaksinasjonsstatistikk/,Norway
2021-01-16,52058,30,"Moderna, Pfizer/BioNTech",52088,https://www.fhi.no/sv/vaksine/koronavaksinasjonsprogrammet/koronavaksinasjonsstatistikk/,Norway
2021-01-17,52436,37,"Moderna, Pfizer/BioNTech",52473,https://www.fhi.no/sv/vaksine/koronavaksinasjonsprogrammet/koronavaksinasjonsstatistikk/,Norway
2021-01-18,53745,340,"Moderna, Pfizer/BioNTech",54085,https://www.fhi.no/sv/vaksine/koronavaksinasjonsprogrammet/koronavaksinasjonsstatistikk/,Norway
2021-01-19,58379,1172,"Moderna, Pfizer/BioNTech",59551,https://www.fhi.no/sv/vaksine/koronavaksinasjonsprogrammet/koronavaksinasjonsstatistikk/,Norway
2021-01-20,68519,1874,"Moderna, Pfizer/BioNTech",70393,https://www.fhi.no/sv/vaksine/koronavaksinasjonsprogrammet/koronavaksinasjonsstatistikk/,Norway
2021-01-21,77086,2050,"Moderna, Pfizer/BioNTech",79136,https://www.fhi.no/sv/vaksine/koronavaksinasjonsprogrammet/koronavaksinasjonsstatistikk/,Norway
2021-01-22,80494,2067,"Moderna, Pfizer/BioNTech",82561,https://www.fhi.no/sv/vaksine/koronavaksinasjonsprogrammet/koronavaksinasjonsstatistikk/,Norway
2021-01-23,80894,2075,"Moderna, Pfizer/BioNTech",82969,https://www.fhi.no/sv/vaksine/koronavaksinasjonsprogrammet/koronavaksinasjonsstatistikk/,Norway
2021-01-24,80978,2084,"Moderna, Pfizer/BioNTech",83062,https://www.fhi.no/sv/vaksine/koronavaksinasjonsprogrammet/koronavaksinasjonsstatistikk/,Norway
2021-01-25,81566,2099,"Moderna, Pfizer/BioNTech",83665,https://www.fhi.no/sv/vaksine/koronavaksinasjonsprogrammet/koronavaksinasjonsstatistikk/,Norway
2021-01-26,83911,4493,"Moderna, Pfizer/BioNTech",88404,https://www.fhi.no/sv/vaksine/koronavaksinasjonsprogrammet/koronavaksinasjonsstatistikk/,Norway
2021-01-27,95523,12294,"Moderna, Pfizer/BioNTech",107817,https://www.fhi.no/sv/vaksine/koronavaksinasjonsprogrammet/koronavaksinasjonsstatistikk/,Norway
2021-01-28,106517,18966,"Moderna, Pfizer/BioNTech",125483,https://www.fhi.no/sv/vaksine/koronavaksinasjonsprogrammet/koronavaksinasjonsstatistikk/,Norway
2021-01-29,110417,21101,"Moderna, Pfizer/BioNTech",131518,https://www.fhi.no/sv/vaksine/koronavaksinasjonsprogrammet/koronavaksinasjonsstatistikk/,Norway
2021-01-30,110610,21323,"Moderna, Pfizer/BioNTech",131933,https://www.fhi.no/sv/vaksine/koronavaksinasjonsprogrammet/koronavaksinasjonsstatistikk/,Norway
2021-01-31,110782,21390,"Moderna, Pfizer/BioNTech",132172,https://www.fhi.no/sv/vaksine/koronavaksinasjonsprogrammet/koronavaksinasjonsstatistikk/,Norway
2021-02-01,111020,21743,"Moderna, Pfizer/BioNTech",132763,https://www.fhi.no/sv/vaksine/koronavaksinasjonsprogrammet/koronavaksinasjonsstatistikk/,Norway
2021-02-02,117420,25082,"Moderna, Pfizer/BioNTech",142502,https://www.fhi.no/sv/vaksine/koronavaksinasjonsprogrammet/koronavaksinasjonsstatistikk/,Norway
2021-02-03,142750,33884,"Moderna, Pfizer/BioNTech",176634,https://www.fhi.no/sv/vaksine/koronavaksinasjonsprogrammet/koronavaksinasjonsstatistikk/,Norway
2021-02-04,168952,42792,"Moderna, Pfizer/BioNTech",211744,https://www.fhi.no/sv/vaksine/koronavaksinasjonsprogrammet/koronavaksinasjonsstatistikk/,Norway
2021-02-05,179755,47809,"Moderna, Pfizer/BioNTech",227564,https://www.fhi.no/sv/vaksine/koronavaksinasjonsprogrammet/koronavaksinasjonsstatistikk/,Norway
2021-02-06,180603,48583,"Moderna, Pfizer/BioNTech",229186,https://www.fhi.no/sv/vaksine/koronavaksinasjonsprogrammet/koronavaksinasjonsstatistikk/,Norway
2021-02-07,180943,48918,"Moderna, Pfizer/BioNTech",229861,https://www.fhi.no/sv/vaksine/koronavaksinasjonsprogrammet/koronavaksinasjonsstatistikk/,Norway
2021-02-08,181068,49870,"Moderna, Pfizer/BioNTech",230938,https://www.fhi.no/sv/vaksine/koronavaksinasjonsprogrammet/koronavaksinasjonsstatistikk/,Norway
2021-02-09,186713,53294,"Moderna, Pfizer/BioNTech",240007,https://www.fhi.no/sv/vaksine/koronavaksinasjonsprogrammet/koronavaksinasjonsstatistikk/,Norway
2021-02-10,209880,62370,"Moderna, Oxford/AstraZeneca, Pfizer/BioNTech",272250,https://www.fhi.no/sv/vaksine/koronavaksinasjonsprogrammet/koronavaksinasjonsstatistikk/,Norway
2021-02-11,231030,71247,"Moderna, Oxford/AstraZeneca, Pfizer/BioNTech",302277,https://www.fhi.no/sv/vaksine/koronavaksinasjonsprogrammet/koronavaksinasjonsstatistikk/,Norway
2021-02-12,239220,74985,"Moderna, Oxford/AstraZeneca, Pfizer/BioNTech",314205,https://www.fhi.no/sv/vaksine/koronavaksinasjonsprogrammet/koronavaksinasjonsstatistikk/,Norway
2021-02-13,240158,75324,"Moderna, Oxford/AstraZeneca, Pfizer/BioNTech",315482,https://www.fhi.no/sv/vaksine/koronavaksinasjonsprogrammet/koronavaksinasjonsstatistikk/,Norway
2021-02-14,240292,75336,"Moderna, Oxford/AstraZeneca, Pfizer/BioNTech",315628,https://www.fhi.no/sv/vaksine/koronavaksinasjonsprogrammet/koronavaksinasjonsstatistikk/,Norway
2021-02-15,241156,76114,"Moderna, Oxford/AstraZeneca, Pfizer/BioNTech",317270,https://www.fhi.no/sv/vaksine/koronavaksinasjonsprogrammet/koronavaksinasjonsstatistikk/,Norway
2021-02-16,247342,78411,"Moderna, Oxford/AstraZeneca, Pfizer/BioNTech",325753,https://www.fhi.no/sv/vaksine/koronavaksinasjonsprogrammet/koronavaksinasjonsstatistikk/,Norway
2021-02-17,269295,89103,"Moderna, Oxford/AstraZeneca, Pfizer/BioNTech",358398,https://www.fhi.no/sv/vaksine/koronavaksinasjonsprogrammet/koronavaksinasjonsstatistikk/,Norway
2021-02-18,288379,100230,"Moderna, Oxford/AstraZeneca, Pfizer/BioNTech",388609,https://www.fhi.no/sv/vaksine/koronavaksinasjonsprogrammet/koronavaksinasjonsstatistikk/,Norway
2021-02-19,299217,105139,"Moderna, Oxford/AstraZeneca, Pfizer/BioNTech",404356,https://www.fhi.no/sv/vaksine/koronavaksinasjonsprogrammet/koronavaksinasjonsstatistikk/,Norway
2021-02-20,299771,105354,"Moderna, Oxford/AstraZeneca, Pfizer/BioNTech",405125,https://www.fhi.no/sv/vaksine/koronavaksinasjonsprogrammet/koronavaksinasjonsstatistikk/,Norway
2021-02-21,299854,105518,"Moderna, Oxford/AstraZeneca, Pfizer/BioNTech",405372,https://www.fhi.no/sv/vaksine/koronavaksinasjonsprogrammet/koronavaksinasjonsstatistikk/,Norway
2021-02-22,302467,105699,"Moderna, Oxford/AstraZeneca, Pfizer/BioNTech",408166,https://www.fhi.no/sv/vaksine/koronavaksinasjonsprogrammet/koronavaksinasjonsstatistikk/,Norway
2021-02-23,308527,111112,"Moderna, Oxford/AstraZeneca, Pfizer/BioNTech",419639,https://www.fhi.no/sv/vaksine/koronavaksinasjonsprogrammet/koronavaksinasjonsstatistikk/,Norway
2021-02-24,319763,134263,"Moderna, Oxford/AstraZeneca, Pfizer/BioNTech",454026,https://www.fhi.no/sv/vaksine/koronavaksinasjonsprogrammet/koronavaksinasjonsstatistikk/,Norway
2021-02-25,331011,160957,"Moderna, Oxford/AstraZeneca, Pfizer/BioNTech",491968,https://www.fhi.no/sv/vaksine/koronavaksinasjonsprogrammet/koronavaksinasjonsstatistikk/,Norway
2021-02-26,339446,171194,"Moderna, Oxford/AstraZeneca, Pfizer/BioNTech",510640,https://www.fhi.no/sv/vaksine/koronavaksinasjonsprogrammet/koronavaksinasjonsstatistikk/,Norway
2021-02-27,339938,171480,"Moderna, Oxford/AstraZeneca, Pfizer/BioNTech",511418,https://www.fhi.no/sv/vaksine/koronavaksinasjonsprogrammet/koronavaksinasjonsstatistikk/,Norway
2021-02-28,340493,171658,"Moderna, Oxford/AstraZeneca, Pfizer/BioNTech",512151,https://www.fhi.no/sv/vaksine/koronavaksinasjonsprogrammet/koronavaksinasjonsstatistikk/,Norway
2021-03-01,346569,171750,"Moderna, Oxford/AstraZeneca, Pfizer/BioNTech",518319,https://www.fhi.no/sv/vaksine/koronavaksinasjonsprogrammet/koronavaksinasjonsstatistikk/,Norway
2021-03-02,357323,175732,"Moderna, Oxford/AstraZeneca, Pfizer/BioNTech",533055,https://www.fhi.no/sv/vaksine/koronavaksinasjonsprogrammet/koronavaksinasjonsstatistikk/,Norway
2021-03-03,375390,194465,"Moderna, Oxford/AstraZeneca, Pfizer/BioNTech",569855,https://www.fhi.no/sv/vaksine/koronavaksinasjonsprogrammet/koronavaksinasjonsstatistikk/,Norway
2021-03-04,391805,213448,"Moderna, Oxford/AstraZeneca, Pfizer/BioNTech",605253,https://www.fhi.no/sv/vaksine/koronavaksinasjonsprogrammet/koronavaksinasjonsstatistikk/,Norway
2021-03-05,403871,220243,"Moderna, Oxford/AstraZeneca, Pfizer/BioNTech",624114,https://www.fhi.no/sv/vaksine/koronavaksinasjonsprogrammet/koronavaksinasjonsstatistikk/,Norway
2021-03-06,404344,220756,"Moderna, Oxford/AstraZeneca, Pfizer/BioNTech",625100,https://www.fhi.no/sv/vaksine/koronavaksinasjonsprogrammet/koronavaksinasjonsstatistikk/,Norway
2021-03-07,404518,220772,"Moderna, Oxford/AstraZeneca, Pfizer/BioNTech",625290,https://www.fhi.no/sv/vaksine/koronavaksinasjonsprogrammet/koronavaksinasjonsstatistikk/,Norway
2021-03-08,409665,220836,"Moderna, Oxford/AstraZeneca, Pfizer/BioNTech",630501,https://www.fhi.no/sv/vaksine/koronavaksinasjonsprogrammet/koronavaksinasjonsstatistikk/,Norway
2021-03-09,422499,225228,"Moderna, Oxford/AstraZeneca, Pfizer/BioNTech",647727,https://www.fhi.no/sv/vaksine/koronavaksinasjonsprogrammet/koronavaksinasjonsstatistikk/,Norway
2021-03-10,443908,243079,"Moderna, Oxford/AstraZeneca, Pfizer/BioNTech",686987,https://www.fhi.no/sv/vaksine/koronavaksinasjonsprogrammet/koronavaksinasjonsstatistikk/,Norway
2021-03-11,455984,260408,"Moderna, Pfizer/BioNTech",716392,https://www.fhi.no/sv/vaksine/koronavaksinasjonsprogrammet/koronavaksinasjonsstatistikk/,Norway
2021-03-12,458412,269008,"Moderna, Pfizer/BioNTech",727420,https://www.fhi.no/sv/vaksine/koronavaksinasjonsprogrammet/koronavaksinasjonsstatistikk/,Norway
2021-03-13,458538,269342,"Moderna, Pfizer/BioNTech",727880,https://www.fhi.no/sv/vaksine/koronavaksinasjonsprogrammet/koronavaksinasjonsstatistikk/,Norway
2021-03-14,458590,269475,"Moderna, Pfizer/BioNTech",728065,https://www.fhi.no/sv/vaksine/koronavaksinasjonsprogrammet/koronavaksinasjonsstatistikk/,Norway
2021-03-15,458765,269944,"Moderna, Pfizer/BioNTech",728709,https://www.fhi.no/sv/vaksine/koronavaksinasjonsprogrammet/koronavaksinasjonsstatistikk/,Norway
2021-03-16,464668,270718,"Moderna, Pfizer/BioNTech",735386,https://www.fhi.no/sv/vaksine/koronavaksinasjonsprogrammet/koronavaksinasjonsstatistikk/,Norway
2021-03-17,488185,272657,"Moderna, Pfizer/BioNTech",760842,https://www.fhi.no/sv/vaksine/koronavaksinasjonsprogrammet/koronavaksinasjonsstatistikk/,Norway
2021-03-18,509527,274273,"Moderna, Pfizer/BioNTech",783800,https://www.fhi.no/sv/vaksine/koronavaksinasjonsprogrammet/koronavaksinasjonsstatistikk/,Norway
2021-03-19,516522,275339,"Moderna, Pfizer/BioNTech",791861,https://www.fhi.no/sv/vaksine/koronavaksinasjonsprogrammet/koronavaksinasjonsstatistikk/,Norway
2021-03-20,517120,275381,"Moderna, Pfizer/BioNTech",792501,https://www.fhi.no/sv/vaksine/koronavaksinasjonsprogrammet/koronavaksinasjonsstatistikk/,Norway
2021-03-21,517382,275462,"Moderna, Pfizer/BioNTech",792844,https://www.fhi.no/sv/vaksine/koronavaksinasjonsprogrammet/koronavaksinasjonsstatistikk/,Norway
2021-03-22,519031,275579,"Moderna, Pfizer/BioNTech",794610,https://www.fhi.no/sv/vaksine/koronavaksinasjonsprogrammet/koronavaksinasjonsstatistikk/,Norway
2021-03-23,532408,276631,"Moderna, Pfizer/BioNTech",809039,https://www.fhi.no/sv/vaksine/koronavaksinasjonsprogrammet/koronavaksinasjonsstatistikk/,Norway
2021-03-24,571993,280589,"Moderna, Pfizer/BioNTech",852582,https://www.fhi.no/sv/vaksine/koronavaksinasjonsprogrammet/koronavaksinasjonsstatistikk/,Norway
2021-03-25,611177,283211,"Moderna, Pfizer/BioNTech",894388,https://www.fhi.no/sv/vaksine/koronavaksinasjonsprogrammet/koronavaksinasjonsstatistikk/,Norway
2021-03-26,628791,284476,"Moderna, Pfizer/BioNTech",913267,https://www.fhi.no/sv/vaksine/koronavaksinasjonsprogrammet/koronavaksinasjonsstatistikk/,Norway
2021-03-27,629624,284511,"Moderna, Pfizer/BioNTech",914135,https://www.fhi.no/sv/vaksine/koronavaksinasjonsprogrammet/koronavaksinasjonsstatistikk/,Norway
2021-03-28,630019,284545,"Moderna, Pfizer/BioNTech",914564,https://www.fhi.no/sv/vaksine/koronavaksinasjonsprogrammet/koronavaksinasjonsstatistikk/,Norway
2021-03-29,634929,284703,"Moderna, Pfizer/BioNTech",919632,https://www.fhi.no/sv/vaksine/koronavaksinasjonsprogrammet/koronavaksinasjonsstatistikk/,Norway
2021-03-30,667624,289200,"Moderna, Pfizer/BioNTech",956824,https://www.fhi.no/sv/vaksine/koronavaksinasjonsprogrammet/koronavaksinasjonsstatistikk/,Norway
2021-03-31,704964,297106,"Moderna, Pfizer/BioNTech",1002070,https://www.fhi.no/sv/vaksine/koronavaksinasjonsprogrammet/koronavaksinasjonsstatistikk/,Norway
2021-04-01,714632,298676,"Moderna, Pfizer/BioNTech",1013308,https://www.fhi.no/sv/vaksine/koronavaksinasjonsprogrammet/koronavaksinasjonsstatistikk/,Norway
2021-04-02,719096,299443,"Moderna, Pfizer/BioNTech",1018539,https://www.fhi.no/sv/vaksine/koronavaksinasjonsprogrammet/koronavaksinasjonsstatistikk/,Norway
2021-04-03,719453,299486,"Moderna, Pfizer/BioNTech",1018939,https://www.fhi.no/sv/vaksine/koronavaksinasjonsprogrammet/koronavaksinasjonsstatistikk/,Norway
2021-04-04,719901,299550,"Moderna, Pfizer/BioNTech",1019451,https://www.fhi.no/sv/vaksine/koronavaksinasjonsprogrammet/koronavaksinasjonsstatistikk/,Norway
2021-04-05,721375,299679,"Moderna, Pfizer/BioNTech",1021054,https://www.fhi.no/sv/vaksine/koronavaksinasjonsprogrammet/koronavaksinasjonsstatistikk/,Norway
2021-04-06,740384,302399,"Moderna, Pfizer/BioNTech",1042783,https://www.fhi.no/sv/vaksine/koronavaksinasjonsprogrammet/koronavaksinasjonsstatistikk/,Norway
2021-04-07,799694,306219,"Moderna, Pfizer/BioNTech",1105913,https://www.fhi.no/sv/vaksine/koronavaksinasjonsprogrammet/koronavaksinasjonsstatistikk/,Norway
2021-04-08,857705,310505,"Moderna, Pfizer/BioNTech",1168210,https://www.fhi.no/sv/vaksine/koronavaksinasjonsprogrammet/koronavaksinasjonsstatistikk/,Norway
2021-04-09,885455,311250,"Moderna, Pfizer/BioNTech",1196705,https://www.fhi.no/sv/vaksine/koronavaksinasjonsprogrammet/koronavaksinasjonsstatistikk/,Norway
2021-04-10,886647,311350,"Moderna, Pfizer/BioNTech",1197997,https://www.fhi.no/sv/vaksine/koronavaksinasjonsprogrammet/koronavaksinasjonsstatistikk/,Norway
2021-04-11,887258,311398,"Moderna, Pfizer/BioNTech",1198656,https://www.fhi.no/sv/vaksine/koronavaksinasjonsprogrammet/koronavaksinasjonsstatistikk/,Norway
2021-04-12,891083,311550,"Moderna, Pfizer/BioNTech",1202633,https://www.fhi.no/sv/vaksine/koronavaksinasjonsprogrammet/koronavaksinasjonsstatistikk/,Norway
2021-04-13,916994,312034,"Moderna, Pfizer/BioNTech",1229028,https://www.fhi.no/sv/vaksine/koronavaksinasjonsprogrammet/koronavaksinasjonsstatistikk/,Norway
2021-04-14,984909,313580,"Moderna, Pfizer/BioNTech",1298489,https://www.fhi.no/sv/vaksine/koronavaksinasjonsprogrammet/koronavaksinasjonsstatistikk/,Norway
2021-04-15,1050869,314909,"Moderna, Pfizer/BioNTech",1365778,https://www.fhi.no/sv/vaksine/koronavaksinasjonsprogrammet/koronavaksinasjonsstatistikk/,Norway
2021-04-16,1080206,315862,"Moderna, Pfizer/BioNTech",1396068,https://www.fhi.no/sv/vaksine/koronavaksinasjonsprogrammet/koronavaksinasjonsstatistikk/,Norway
2021-04-17,1082287,316063,"Moderna, Pfizer/BioNTech",1398350,https://www.fhi.no/sv/vaksine/koronavaksinasjonsprogrammet/koronavaksinasjonsstatistikk/,Norway
2021-04-18,1083626,316107,"Moderna, Pfizer/BioNTech",1399733,https://www.fhi.no/sv/vaksine/koronavaksinasjonsprogrammet/koronavaksinasjonsstatistikk/,Norway
2021-04-19,1090215,316355,"Moderna, Pfizer/BioNTech",1406570,https://www.fhi.no/sv/vaksine/koronavaksinasjonsprogrammet/koronavaksinasjonsstatistikk/,Norway
2021-04-20,1110066,317294,"Moderna, Pfizer/BioNTech",1427360,https://www.fhi.no/sv/vaksine/koronavaksinasjonsprogrammet/koronavaksinasjonsstatistikk/,Norway
2021-04-21,1169789,320370,"Moderna, Pfizer/BioNTech",1490159,https://www.fhi.no/sv/vaksine/koronavaksinasjonsprogrammet/koronavaksinasjonsstatistikk/,Norway
2021-04-22,1221305,322966,"Moderna, Pfizer/BioNTech",1544271,https://www.fhi.no/sv/vaksine/koronavaksinasjonsprogrammet/koronavaksinasjonsstatistikk/,Norway
2021-04-23,1239898,324401,"Moderna, Pfizer/BioNTech",1564299,https://www.fhi.no/sv/vaksine/koronavaksinasjonsprogrammet/koronavaksinasjonsstatistikk/,Norway
2021-04-24,1240358,324514,"Moderna, Pfizer/BioNTech",1564872,https://www.fhi.no/sv/vaksine/koronavaksinasjonsprogrammet/koronavaksinasjonsstatistikk/,Norway
2021-04-25,1240705,324557,"Moderna, Pfizer/BioNTech",1565262,https://www.fhi.no/sv/vaksine/koronavaksinasjonsprogrammet/koronavaksinasjonsstatistikk/,Norway
2021-04-26,1243116,325145,"Moderna, Pfizer/BioNTech",1568261,https://www.fhi.no/sv/vaksine/koronavaksinasjonsprogrammet/koronavaksinasjonsstatistikk/,Norway
2021-04-27,1262731,331294,"Moderna, Pfizer/BioNTech",1594025,https://www.fhi.no/sv/vaksine/koronavaksinasjonsprogrammet/koronavaksinasjonsstatistikk/,Norway
2021-04-28,1321740,356361,"Moderna, Pfizer/BioNTech",1678101,https://www.fhi.no/sv/vaksine/koronavaksinasjonsprogrammet/koronavaksinasjonsstatistikk/,Norway
2021-04-29,1376255,377622,"Moderna, Pfizer/BioNTech",1753877,https://www.fhi.no/sv/vaksine/koronavaksinasjonsprogrammet/koronavaksinasjonsstatistikk/,Norway
2021-04-30,1401990,385957,"Moderna, Pfizer/BioNTech",1787947,https://www.fhi.no/sv/vaksine/koronavaksinasjonsprogrammet/koronavaksinasjonsstatistikk/,Norway
2021-05-01,1403559,386324,"Moderna, Pfizer/BioNTech",1789883,https://www.fhi.no/sv/vaksine/koronavaksinasjonsprogrammet/koronavaksinasjonsstatistikk/,Norway
2021-05-02,1404622,386625,"Moderna, Pfizer/BioNTech",1791247,https://www.fhi.no/sv/vaksine/koronavaksinasjonsprogrammet/koronavaksinasjonsstatistikk/,Norway
2021-05-03,1407792,388135,"Moderna, Pfizer/BioNTech",1795927,https://www.fhi.no/sv/vaksine/koronavaksinasjonsprogrammet/koronavaksinasjonsstatistikk/,Norway
2021-05-04,1418082,400412,"Moderna, Pfizer/BioNTech",1818494,https://www.fhi.no/sv/vaksine/koronavaksinasjonsprogrammet/koronavaksinasjonsstatistikk/,Norway
2021-05-05,1458929,439295,"Moderna, Pfizer/BioNTech",1898224,https://www.fhi.no/sv/vaksine/koronavaksinasjonsprogrammet/koronavaksinasjonsstatistikk/,Norway
2021-05-06,1494185,475482,"Moderna, Pfizer/BioNTech",1969667,https://www.fhi.no/sv/vaksine/koronavaksinasjonsprogrammet/koronavaksinasjonsstatistikk/,Norway
2021-05-07,1509653,491867,"Moderna, Pfizer/BioNTech",2001520,https://www.fhi.no/sv/vaksine/koronavaksinasjonsprogrammet/koronavaksinasjonsstatistikk/,Norway
2021-05-08,1510227,492506,"Moderna, Pfizer/BioNTech",2002733,https://www.fhi.no/sv/vaksine/koronavaksinasjonsprogrammet/koronavaksinasjonsstatistikk/,Norway
2021-05-09,1510522,492901,"Moderna, Pfizer/BioNTech",2003423,https://www.fhi.no/sv/vaksine/koronavaksinasjonsprogrammet/koronavaksinasjonsstatistikk/,Norway
2021-05-10,1512963,499466,"Moderna, Pfizer/BioNTech",2012429,https://www.fhi.no/sv/vaksine/koronavaksinasjonsprogrammet/koronavaksinasjonsstatistikk/,Norway
2021-05-11,1531022,531237,"Moderna, Pfizer/BioNTech",2062259,https://www.fhi.no/sv/vaksine/koronavaksinasjonsprogrammet/koronavaksinasjonsstatistikk/,Norway
2021-05-12,1573346,584924,"Moderna, Pfizer/BioNTech",2158270,https://www.fhi.no/sv/vaksine/koronavaksinasjonsprogrammet/koronavaksinasjonsstatistikk/,Norway
2021-05-13,1586196,593740,"Moderna, Pfizer/BioNTech",2179936,https://www.fhi.no/sv/vaksine/koronavaksinasjonsprogrammet/koronavaksinasjonsstatistikk/,Norway
2021-05-14,1597395,602158,"Moderna, Pfizer/BioNTech",2199553,https://www.fhi.no/sv/vaksine/koronavaksinasjonsprogrammet/koronavaksinasjonsstatistikk/,Norway
2021-05-15,1599399,602970,"Moderna, Pfizer/BioNTech",2202369,https://www.fhi.no/sv/vaksine/koronavaksinasjonsprogrammet/koronavaksinasjonsstatistikk/,Norway
2021-05-16,1600711,604057,"Moderna, Pfizer/BioNTech",2204768,https://www.fhi.no/sv/vaksine/koronavaksinasjonsprogrammet/koronavaksinasjonsstatistikk/,Norway
2021-05-17,1600949,604505,"Moderna, Pfizer/BioNTech",2205454,https://www.fhi.no/sv/vaksine/koronavaksinasjonsprogrammet/koronavaksinasjonsstatistikk/,Norway
2021-05-18,1605556,628333,"Moderna, Pfizer/BioNTech",2233889,https://www.fhi.no/sv/vaksine/koronavaksinasjonsprogrammet/koronavaksinasjonsstatistikk/,Norway
2021-05-19,1613818,700866,"Moderna, Pfizer/BioNTech",2314684,https://www.fhi.no/sv/vaksine/koronavaksinasjonsprogrammet/koronavaksinasjonsstatistikk/,Norway
2021-05-20,1622677,769869,"Moderna, Pfizer/BioNTech",2392546,https://www.fhi.no/sv/vaksine/koronavaksinasjonsprogrammet/koronavaksinasjonsstatistikk/,Norway
2021-05-21,1627743,801180,"Moderna, Pfizer/BioNTech",2428923,https://www.fhi.no/sv/vaksine/koronavaksinasjonsprogrammet/koronavaksinasjonsstatistikk/,Norway
2021-05-22,1629106,802251,"Moderna, Pfizer/BioNTech",2431357,https://www.fhi.no/sv/vaksine/koronavaksinasjonsprogrammet/koronavaksinasjonsstatistikk/,Norway
2021-05-23,1629966,802680,"Moderna, Pfizer/BioNTech",2432646,https://www.fhi.no/sv/vaksine/koronavaksinasjonsprogrammet/koronavaksinasjonsstatistikk/,Norway
2021-05-24,1630850,805260,"Moderna, Pfizer/BioNTech",2436110,https://www.fhi.no/sv/vaksine/koronavaksinasjonsprogrammet/koronavaksinasjonsstatistikk/,Norway
2021-05-25,1635012,834501,"Moderna, Pfizer/BioNTech",2469513,https://www.fhi.no/sv/vaksine/koronavaksinasjonsprogrammet/koronavaksinasjonsstatistikk/,Norway
2021-05-26,1644844,918643,"Moderna, Pfizer/BioNTech",2563487,https://www.fhi.no/sv/vaksine/koronavaksinasjonsprogrammet/koronavaksinasjonsstatistikk/,Norway
2021-05-27,1654444,992959,"Moderna, Pfizer/BioNTech",2647403,https://www.fhi.no/sv/vaksine/koronavaksinasjonsprogrammet/koronavaksinasjonsstatistikk/,Norway
2021-05-28,1659538,1025089,"Moderna, Pfizer/BioNTech",2684627,https://www.fhi.no/sv/vaksine/koronavaksinasjonsprogrammet/koronavaksinasjonsstatistikk/,Norway
2021-05-29,1660226,1027228,"Moderna, Pfizer/BioNTech",2687454,https://www.fhi.no/sv/vaksine/koronavaksinasjonsprogrammet/koronavaksinasjonsstatistikk/,Norway
2021-05-30,1660405,1028855,"Moderna, Pfizer/BioNTech",2689260,https://www.fhi.no/sv/vaksine/koronavaksinasjonsprogrammet/koronavaksinasjonsstatistikk/,Norway
2021-05-31,1663606,1035496,"Moderna, Pfizer/BioNTech",2699102,https://www.fhi.no/sv/vaksine/koronavaksinasjonsprogrammet/koronavaksinasjonsstatistikk/,Norway
2021-06-01,1682542,1058727,"Moderna, Pfizer/BioNTech",2741269,https://www.fhi.no/sv/vaksine/koronavaksinasjonsprogrammet/koronavaksinasjonsstatistikk/,Norway
2021-06-02,1735793,1129178,"Moderna, Pfizer/BioNTech",2864971,https://www.fhi.no/sv/vaksine/koronavaksinasjonsprogrammet/koronavaksinasjonsstatistikk/,Norway
2021-06-03,1791149,1187941,"Moderna, Pfizer/BioNTech",2979090,https://www.fhi.no/sv/vaksine/koronavaksinasjonsprogrammet/koronavaksinasjonsstatistikk/,Norway
2021-06-04,1822860,1207648,"Moderna, Pfizer/BioNTech",3030508,https://www.fhi.no/sv/vaksine/koronavaksinasjonsprogrammet/koronavaksinasjonsstatistikk/,Norway
2021-06-05,1826627,1208388,"Moderna, Pfizer/BioNTech",3035015,https://www.fhi.no/sv/vaksine/koronavaksinasjonsprogrammet/koronavaksinasjonsstatistikk/,Norway
2021-06-06,1829699,1208747,"Moderna, Pfizer/BioNTech",3038446,https://www.fhi.no/sv/vaksine/koronavaksinasjonsprogrammet/koronavaksinasjonsstatistikk/,Norway
2021-06-07,1845433,1211668,"Moderna, Pfizer/BioNTech",3057101,https://www.fhi.no/sv/vaksine/koronavaksinasjonsprogrammet/koronavaksinasjonsstatistikk/,Norway
2021-06-08,1872770,1231090,"Moderna, Pfizer/BioNTech",3103860,https://www.fhi.no/sv/vaksine/koronavaksinasjonsprogrammet/koronavaksinasjonsstatistikk/,Norway
2021-06-09,1913129,1291756,"Moderna, Pfizer/BioNTech",3204885,https://www.fhi.no/sv/vaksine/koronavaksinasjonsprogrammet/koronavaksinasjonsstatistikk/,Norway
2021-06-10,1953130,1347276,"Moderna, Pfizer/BioNTech",3300406,https://www.fhi.no/sv/vaksine/koronavaksinasjonsprogrammet/koronavaksinasjonsstatistikk/,Norway
2021-06-11,1974877,1368282,"Moderna, Pfizer/BioNTech",3343159,https://www.fhi.no/sv/vaksine/koronavaksinasjonsprogrammet/koronavaksinasjonsstatistikk/,Norway
2021-06-12,1978050,1369143,"Moderna, Pfizer/BioNTech",3347193,https://www.fhi.no/sv/vaksine/koronavaksinasjonsprogrammet/koronavaksinasjonsstatistikk/,Norway
2021-06-13,1980343,1369830,"Moderna, Pfizer/BioNTech",3350173,https://www.fhi.no/sv/vaksine/koronavaksinasjonsprogrammet/koronavaksinasjonsstatistikk/,Norway
2021-06-14,1999958,1372429,"Moderna, Pfizer/BioNTech",3372387,https://www.fhi.no/sv/vaksine/koronavaksinasjonsprogrammet/koronavaksinasjonsstatistikk/,Norway
2021-06-15,2029184,1382999,"Moderna, Pfizer/BioNTech",3412183,https://www.fhi.no/sv/vaksine/koronavaksinasjonsprogrammet/koronavaksinasjonsstatistikk/,Norway
2021-06-16,2093986,1424175,"Moderna, Pfizer/BioNTech",3518161,https://www.fhi.no/sv/vaksine/koronavaksinasjonsprogrammet/koronavaksinasjonsstatistikk/,Norway
2021-06-17,2153715,1456903,"Moderna, Pfizer/BioNTech",3610618,https://www.fhi.no/sv/vaksine/koronavaksinasjonsprogrammet/koronavaksinasjonsstatistikk/,Norway
2021-06-18,2185643,1469269,"Moderna, Pfizer/BioNTech",3654912,https://www.fhi.no/sv/vaksine/koronavaksinasjonsprogrammet/koronavaksinasjonsstatistikk/,Norway
2021-06-19,2192010,1469968,"Moderna, Pfizer/BioNTech",3661978,https://www.fhi.no/sv/vaksine/koronavaksinasjonsprogrammet/koronavaksinasjonsstatistikk/,Norway
2021-06-20,2196428,1470087,"Moderna, Pfizer/BioNTech",3666515,https://www.fhi.no/sv/vaksine/koronavaksinasjonsprogrammet/koronavaksinasjonsstatistikk/,Norway
2021-06-21,2214171,1472847,"Moderna, Pfizer/BioNTech",3687018,https://www.fhi.no/sv/vaksine/koronavaksinasjonsprogrammet/koronavaksinasjonsstatistikk/,Norway
2021-06-22,2251376,1486080,"Moderna, Pfizer/BioNTech",3737456,https://www.fhi.no/sv/vaksine/koronavaksinasjonsprogrammet/koronavaksinasjonsstatistikk/,Norway
2021-06-23,2329466,1518252,"Moderna, Pfizer/BioNTech",3847718,https://www.fhi.no/sv/vaksine/koronavaksinasjonsprogrammet/koronavaksinasjonsstatistikk/,Norway
2021-06-24,2420798,1540139,"Moderna, Pfizer/BioNTech",3960937,https://www.fhi.no/sv/vaksine/koronavaksinasjonsprogrammet/koronavaksinasjonsstatistikk/,Norway
2021-06-25,2465549,1549557,"Moderna, Pfizer/BioNTech",4015106,https://www.fhi.no/sv/vaksine/koronavaksinasjonsprogrammet/koronavaksinasjonsstatistikk/,Norway
2021-06-26,2474197,1551219,"Moderna, Pfizer/BioNTech",4025416,https://www.fhi.no/sv/vaksine/koronavaksinasjonsprogrammet/koronavaksinasjonsstatistikk/,Norway
2021-06-27,2478724,1552473,"Moderna, Pfizer/BioNTech",4031197,https://www.fhi.no/sv/vaksine/koronavaksinasjonsprogrammet/koronavaksinasjonsstatistikk/,Norway
2021-06-28,2510918,1553685,"Moderna, Pfizer/BioNTech",4064603,https://www.fhi.no/sv/vaksine/koronavaksinasjonsprogrammet/koronavaksinasjonsstatistikk/,Norway
2021-06-29,2558971,1556982,"Moderna, Pfizer/BioNTech",4115953,https://www.fhi.no/sv/vaksine/koronavaksinasjonsprogrammet/koronavaksinasjonsstatistikk/,Norway
2021-06-30,2664079,1563608,"Moderna, Pfizer/BioNTech",4227687,https://www.fhi.no/sv/vaksine/koronavaksinasjonsprogrammet/koronavaksinasjonsstatistikk/,Norway
2021-07-01,2766596,1571494,"Moderna, Pfizer/BioNTech",4338090,https://www.fhi.no/sv/vaksine/koronavaksinasjonsprogrammet/koronavaksinasjonsstatistikk/,Norway
2021-07-02,2817642,1574687,"Moderna, Pfizer/BioNTech",4392329,https://www.fhi.no/sv/vaksine/koronavaksinasjonsprogrammet/koronavaksinasjonsstatistikk/,Norway
2021-07-03,2826785,1575257,"Moderna, Pfizer/BioNTech",4402042,https://www.fhi.no/sv/vaksine/koronavaksinasjonsprogrammet/koronavaksinasjonsstatistikk/,Norway
2021-07-04,2832753,1575737,"Moderna, Pfizer/BioNTech",4408490,https://www.fhi.no/sv/vaksine/koronavaksinasjonsprogrammet/koronavaksinasjonsstatistikk/,Norway
2021-07-05,2859316,1576364,"Moderna, Pfizer/BioNTech",4435680,https://www.fhi.no/sv/vaksine/koronavaksinasjonsprogrammet/koronavaksinasjonsstatistikk/,Norway
2021-07-06,2901090,1579719,"Moderna, Pfizer/BioNTech",4480809,https://www.fhi.no/sv/vaksine/koronavaksinasjonsprogrammet/koronavaksinasjonsstatistikk/,Norway
2021-07-07,2977911,1588378,"Moderna, Pfizer/BioNTech",4566289,https://www.fhi.no/sv/vaksine/koronavaksinasjonsprogrammet/koronavaksinasjonsstatistikk/,Norway
2021-07-08,3046933,1597283,"Moderna, Pfizer/BioNTech",4644216,https://www.fhi.no/sv/vaksine/koronavaksinasjonsprogrammet/koronavaksinasjonsstatistikk/,Norway
2021-07-09,3073818,1600647,"Moderna, Pfizer/BioNTech",4674465,https://www.fhi.no/sv/vaksine/koronavaksinasjonsprogrammet/koronavaksinasjonsstatistikk/,Norway
2021-07-10,3077873,1600918,"Moderna, Pfizer/BioNTech",4678791,https://www.fhi.no/sv/vaksine/koronavaksinasjonsprogrammet/koronavaksinasjonsstatistikk/,Norway
2021-07-11,3080776,1601063,"Moderna, Pfizer/BioNTech",4681839,https://www.fhi.no/sv/vaksine/koronavaksinasjonsprogrammet/koronavaksinasjonsstatistikk/,Norway
2021-07-12,3093794,1602976,"Moderna, Pfizer/BioNTech",4696770,https://www.fhi.no/sv/vaksine/koronavaksinasjonsprogrammet/koronavaksinasjonsstatistikk/,Norway
2021-07-13,3117303,1611924,"Moderna, Pfizer/BioNTech",4729227,https://www.fhi.no/sv/vaksine/koronavaksinasjonsprogrammet/koronavaksinasjonsstatistikk/,Norway
2021-07-14,3165540,1641064,"Moderna, Pfizer/BioNTech",4806604,https://www.fhi.no/sv/vaksine/koronavaksinasjonsprogrammet/koronavaksinasjonsstatistikk/,Norway
2021-07-15,3208336,1670296,"Moderna, Pfizer/BioNTech",4878632,https://www.fhi.no/sv/vaksine/koronavaksinasjonsprogrammet/koronavaksinasjonsstatistikk/,Norway
2021-07-16,3224591,1680208,"Moderna, Pfizer/BioNTech",4904799,https://www.fhi.no/sv/vaksine/koronavaksinasjonsprogrammet/koronavaksinasjonsstatistikk/,Norway
2021-07-17,3225000,1680691,"Moderna, Pfizer/BioNTech",4905691,https://www.fhi.no/sv/vaksine/koronavaksinasjonsprogrammet/koronavaksinasjonsstatistikk/,Norway
2021-07-18,3225239,1680889,"Moderna, Pfizer/BioNTech",4906128,https://www.fhi.no/sv/vaksine/koronavaksinasjonsprogrammet/koronavaksinasjonsstatistikk/,Norway
2021-07-19,3234051,1684035,"Moderna, Pfizer/BioNTech",4918086,https://www.fhi.no/sv/vaksine/koronavaksinasjonsprogrammet/koronavaksinasjonsstatistikk/,Norway
2021-07-20,3255535,1692537,"Moderna, Pfizer/BioNTech",4948072,https://www.fhi.no/sv/vaksine/koronavaksinasjonsprogrammet/koronavaksinasjonsstatistikk/,Norway
2021-07-21,3320547,1712171,"Moderna, Pfizer/BioNTech",5032718,https://www.fhi.no/sv/vaksine/koronavaksinasjonsprogrammet/koronavaksinasjonsstatistikk/,Norway
2021-07-22,3388355,1734030,"Moderna, Pfizer/BioNTech",5122385,https://www.fhi.no/sv/vaksine/koronavaksinasjonsprogrammet/koronavaksinasjonsstatistikk/,Norway
2021-07-23,3409930,1741259,"Moderna, Pfizer/BioNTech",5151189,https://www.fhi.no/sv/vaksine/koronavaksinasjonsprogrammet/koronavaksinasjonsstatistikk/,Norway
2021-07-24,3410021,1741579,"Moderna, Pfizer/BioNTech",5151600,https://www.fhi.no/sv/vaksine/koronavaksinasjonsprogrammet/koronavaksinasjonsstatistikk/,Norway
2021-07-25,3410053,1741780,"Moderna, Pfizer/BioNTech",5151833,https://www.fhi.no/sv/vaksine/koronavaksinasjonsprogrammet/koronavaksinasjonsstatistikk/,Norway
2021-07-26,3418685,1744715,"Moderna, Pfizer/BioNTech",5163400,https://www.fhi.no/sv/vaksine/koronavaksinasjonsprogrammet/koronavaksinasjonsstatistikk/,Norway
2021-07-27,3439945,1753290,"Moderna, Pfizer/BioNTech",5193235,https://www.fhi.no/sv/vaksine/koronavaksinasjonsprogrammet/koronavaksinasjonsstatistikk/,Norway
2021-07-28,3507338,1778892,"Moderna, Pfizer/BioNTech",5286230,https://www.fhi.no/sv/vaksine/koronavaksinasjonsprogrammet/koronavaksinasjonsstatistikk/,Norway
2021-07-29,3574462,1805265,"Moderna, Pfizer/BioNTech",5379727,https://www.fhi.no/sv/vaksine/koronavaksinasjonsprogrammet/koronavaksinasjonsstatistikk/,Norway
2021-07-30,3596101,1815989,"Moderna, Pfizer/BioNTech",5412090,https://www.fhi.no/sv/vaksine/koronavaksinasjonsprogrammet/koronavaksinasjonsstatistikk/,Norway
2021-07-31,3596469,1816668,"Moderna, Pfizer/BioNTech",5413137,https://www.fhi.no/sv/vaksine/koronavaksinasjonsprogrammet/koronavaksinasjonsstatistikk/,Norway
2021-08-01,3596493,1816727,"Moderna, Pfizer/BioNTech",5413220,https://www.fhi.no/sv/vaksine/koronavaksinasjonsprogrammet/koronavaksinasjonsstatistikk/,Norway
2021-08-02,3605624,1825556,"Moderna, Pfizer/BioNTech",5431180,https://www.fhi.no/sv/vaksine/koronavaksinasjonsprogrammet/koronavaksinasjonsstatistikk/,Norway
2021-08-03,3620939,1842875,"Moderna, Pfizer/BioNTech",5463814,https://www.fhi.no/sv/vaksine/koronavaksinasjonsprogrammet/koronavaksinasjonsstatistikk/,Norway
2021-08-04,3661600,1885514,"Moderna, Pfizer/BioNTech",5547114,https://www.fhi.no/sv/vaksine/koronavaksinasjonsprogrammet/koronavaksinasjonsstatistikk/,Norway
2021-08-05,3693741,1930208,"Moderna, Pfizer/BioNTech",5623949,https://www.fhi.no/sv/vaksine/koronavaksinasjonsprogrammet/koronavaksinasjonsstatistikk/,Norway
