date,people_vaccinated,people_fully_vaccinated,total_vaccinations,location,vaccine,source_url
2021-02-09,3842.0,0.0,3842.0,Peru,"Oxford/AstraZeneca, Pfizer/BioNTech, Sinopharm/Beijing",https://www.datosabiertos.gob.pe/dataset/vacunaci%C3%B3n-contra-covid-19-ministerio-de-salud-minsa
2021-02-10,20433.0,0.0,20433.0,Peru,"Oxford/AstraZeneca, Pfizer/BioNTech, Sinopharm/Beijing",https://www.datosabiertos.gob.pe/dataset/vacunaci%C3%B3n-contra-covid-19-ministerio-de-salud-minsa
2021-02-11,54574.0,0.0,54574.0,Peru,"Oxford/AstraZeneca, Pfizer/BioNTech, Sinopharm/Beijing",https://www.datosabiertos.gob.pe/dataset/vacunaci%C3%B3n-contra-covid-19-ministerio-de-salud-minsa
2021-02-12,86870.0,0.0,86870.0,Peru,"Oxford/AstraZeneca, Pfizer/BioNTech, Sinopharm/Beijing",https://www.datosabiertos.gob.pe/dataset/vacunaci%C3%B3n-contra-covid-19-ministerio-de-salud-minsa
2021-02-13,105698.0,0.0,105698.0,Peru,"Oxford/AstraZeneca, Pfizer/BioNTech, Sinopharm/Beijing",https://www.datosabiertos.gob.pe/dataset/vacunaci%C3%B3n-contra-covid-19-ministerio-de-salud-minsa
2021-02-14,110869.0,0.0,110869.0,Peru,"Oxford/AstraZeneca, Pfizer/BioNTech, Sinopharm/Beijing",https://www.datosabiertos.gob.pe/dataset/vacunaci%C3%B3n-contra-covid-19-ministerio-de-salud-minsa
2021-02-15,122382.0,0.0,122382.0,Peru,"Oxford/AstraZeneca, Pfizer/BioNTech, Sinopharm/Beijing",https://www.datosabiertos.gob.pe/dataset/vacunaci%C3%B3n-contra-covid-19-ministerio-de-salud-minsa
2021-02-16,129826.0,0.0,129826.0,Peru,"Oxford/AstraZeneca, Pfizer/BioNTech, Sinopharm/Beijing",https://www.datosabiertos.gob.pe/dataset/vacunaci%C3%B3n-contra-covid-19-ministerio-de-salud-minsa
2021-02-17,133745.0,0.0,133745.0,Peru,"Oxford/AstraZeneca, Pfizer/BioNTech, Sinopharm/Beijing",https://www.datosabiertos.gob.pe/dataset/vacunaci%C3%B3n-contra-covid-19-ministerio-de-salud-minsa
2021-02-18,141120.0,0.0,141120.0,Peru,"Oxford/AstraZeneca, Pfizer/BioNTech, Sinopharm/Beijing",https://www.datosabiertos.gob.pe/dataset/vacunaci%C3%B3n-contra-covid-19-ministerio-de-salud-minsa
2021-02-19,171515.0,0.0,171515.0,Peru,"Oxford/AstraZeneca, Pfizer/BioNTech, Sinopharm/Beijing",https://www.datosabiertos.gob.pe/dataset/vacunaci%C3%B3n-contra-covid-19-ministerio-de-salud-minsa
2021-02-20,197525.0,0.0,197525.0,Peru,"Oxford/AstraZeneca, Pfizer/BioNTech, Sinopharm/Beijing",https://www.datosabiertos.gob.pe/dataset/vacunaci%C3%B3n-contra-covid-19-ministerio-de-salud-minsa
2021-02-21,202055.0,0.0,202055.0,Peru,"Oxford/AstraZeneca, Pfizer/BioNTech, Sinopharm/Beijing",https://www.datosabiertos.gob.pe/dataset/vacunaci%C3%B3n-contra-covid-19-ministerio-de-salud-minsa
2021-02-22,230982.0,0.0,230982.0,Peru,"Oxford/AstraZeneca, Pfizer/BioNTech, Sinopharm/Beijing",https://www.datosabiertos.gob.pe/dataset/vacunaci%C3%B3n-contra-covid-19-ministerio-de-salud-minsa
2021-02-23,257830.0,0.0,257830.0,Peru,"Oxford/AstraZeneca, Pfizer/BioNTech, Sinopharm/Beijing",https://www.datosabiertos.gob.pe/dataset/vacunaci%C3%B3n-contra-covid-19-ministerio-de-salud-minsa
2021-02-24,280202.0,0.0,280202.0,Peru,"Oxford/AstraZeneca, Pfizer/BioNTech, Sinopharm/Beijing",https://www.datosabiertos.gob.pe/dataset/vacunaci%C3%B3n-contra-covid-19-ministerio-de-salud-minsa
2021-02-25,295812.0,0.0,295812.0,Peru,"Oxford/AstraZeneca, Pfizer/BioNTech, Sinopharm/Beijing",https://www.datosabiertos.gob.pe/dataset/vacunaci%C3%B3n-contra-covid-19-ministerio-de-salud-minsa
2021-02-26,311544.0,0.0,311544.0,Peru,"Oxford/AstraZeneca, Pfizer/BioNTech, Sinopharm/Beijing",https://www.datosabiertos.gob.pe/dataset/vacunaci%C3%B3n-contra-covid-19-ministerio-de-salud-minsa
2021-02-27,318462.0,0.0,318462.0,Peru,"Oxford/AstraZeneca, Pfizer/BioNTech, Sinopharm/Beijing",https://www.datosabiertos.gob.pe/dataset/vacunaci%C3%B3n-contra-covid-19-ministerio-de-salud-minsa
2021-02-28,319457.0,0.0,319457.0,Peru,"Oxford/AstraZeneca, Pfizer/BioNTech, Sinopharm/Beijing",https://www.datosabiertos.gob.pe/dataset/vacunaci%C3%B3n-contra-covid-19-ministerio-de-salud-minsa
2021-03-01,328753.0,0.0,328753.0,Peru,"Oxford/AstraZeneca, Pfizer/BioNTech, Sinopharm/Beijing",https://www.datosabiertos.gob.pe/dataset/vacunaci%C3%B3n-contra-covid-19-ministerio-de-salud-minsa
2021-03-02,335644.0,2087.0,337731.0,Peru,"Oxford/AstraZeneca, Pfizer/BioNTech, Sinopharm/Beijing",https://www.datosabiertos.gob.pe/dataset/vacunaci%C3%B3n-contra-covid-19-ministerio-de-salud-minsa
2021-03-03,342201.0,14127.0,356328.0,Peru,"Oxford/AstraZeneca, Pfizer/BioNTech, Sinopharm/Beijing",https://www.datosabiertos.gob.pe/dataset/vacunaci%C3%B3n-contra-covid-19-ministerio-de-salud-minsa
2021-03-04,345986.0,41952.0,387938.0,Peru,"Oxford/AstraZeneca, Pfizer/BioNTech, Sinopharm/Beijing",https://www.datosabiertos.gob.pe/dataset/vacunaci%C3%B3n-contra-covid-19-ministerio-de-salud-minsa
2021-03-05,350670.0,73417.0,424087.0,Peru,"Oxford/AstraZeneca, Pfizer/BioNTech, Sinopharm/Beijing",https://www.datosabiertos.gob.pe/dataset/vacunaci%C3%B3n-contra-covid-19-ministerio-de-salud-minsa
2021-03-06,353628.0,89534.0,443162.0,Peru,"Oxford/AstraZeneca, Pfizer/BioNTech, Sinopharm/Beijing",https://www.datosabiertos.gob.pe/dataset/vacunaci%C3%B3n-contra-covid-19-ministerio-de-salud-minsa
2021-03-07,353768.0,91653.0,445421.0,Peru,"Oxford/AstraZeneca, Pfizer/BioNTech, Sinopharm/Beijing",https://www.datosabiertos.gob.pe/dataset/vacunaci%C3%B3n-contra-covid-19-ministerio-de-salud-minsa
2021-03-08,372010.0,103926.0,475936.0,Peru,"Oxford/AstraZeneca, Pfizer/BioNTech, Sinopharm/Beijing",https://www.datosabiertos.gob.pe/dataset/vacunaci%C3%B3n-contra-covid-19-ministerio-de-salud-minsa
2021-03-09,391625.0,111018.0,502643.0,Peru,"Oxford/AstraZeneca, Pfizer/BioNTech, Sinopharm/Beijing",https://www.datosabiertos.gob.pe/dataset/vacunaci%C3%B3n-contra-covid-19-ministerio-de-salud-minsa
2021-03-10,404354.0,115959.0,520313.0,Peru,"Oxford/AstraZeneca, Pfizer/BioNTech, Sinopharm/Beijing",https://www.datosabiertos.gob.pe/dataset/vacunaci%C3%B3n-contra-covid-19-ministerio-de-salud-minsa
2021-03-11,412725.0,121591.0,534316.0,Peru,"Oxford/AstraZeneca, Pfizer/BioNTech, Sinopharm/Beijing",https://www.datosabiertos.gob.pe/dataset/vacunaci%C3%B3n-contra-covid-19-ministerio-de-salud-minsa
2021-03-12,421484.0,138829.0,560313.0,Peru,"Oxford/AstraZeneca, Pfizer/BioNTech, Sinopharm/Beijing",https://www.datosabiertos.gob.pe/dataset/vacunaci%C3%B3n-contra-covid-19-ministerio-de-salud-minsa
2021-03-13,427618.0,166943.0,594561.0,Peru,"Oxford/AstraZeneca, Pfizer/BioNTech, Sinopharm/Beijing",https://www.datosabiertos.gob.pe/dataset/vacunaci%C3%B3n-contra-covid-19-ministerio-de-salud-minsa
2021-03-14,428258.0,169643.0,597901.0,Peru,"Oxford/AstraZeneca, Pfizer/BioNTech, Sinopharm/Beijing",https://www.datosabiertos.gob.pe/dataset/vacunaci%C3%B3n-contra-covid-19-ministerio-de-salud-minsa
2021-03-15,446304.0,197290.0,643594.0,Peru,"Oxford/AstraZeneca, Pfizer/BioNTech, Sinopharm/Beijing",https://www.datosabiertos.gob.pe/dataset/vacunaci%C3%B3n-contra-covid-19-ministerio-de-salud-minsa
2021-03-16,468556.0,220875.0,689431.0,Peru,"Oxford/AstraZeneca, Pfizer/BioNTech, Sinopharm/Beijing",https://www.datosabiertos.gob.pe/dataset/vacunaci%C3%B3n-contra-covid-19-ministerio-de-salud-minsa
2021-03-17,490963.0,243832.0,734795.0,Peru,"Oxford/AstraZeneca, Pfizer/BioNTech, Sinopharm/Beijing",https://www.datosabiertos.gob.pe/dataset/vacunaci%C3%B3n-contra-covid-19-ministerio-de-salud-minsa
2021-03-18,517106.0,259956.0,777062.0,Peru,"Oxford/AstraZeneca, Pfizer/BioNTech, Sinopharm/Beijing",https://www.datosabiertos.gob.pe/dataset/vacunaci%C3%B3n-contra-covid-19-ministerio-de-salud-minsa
2021-03-19,542707.0,275540.0,818247.0,Peru,"Oxford/AstraZeneca, Pfizer/BioNTech, Sinopharm/Beijing",https://www.datosabiertos.gob.pe/dataset/vacunaci%C3%B3n-contra-covid-19-ministerio-de-salud-minsa
2021-03-20,560792.0,281930.0,842722.0,Peru,"Oxford/AstraZeneca, Pfizer/BioNTech, Sinopharm/Beijing",https://www.datosabiertos.gob.pe/dataset/vacunaci%C3%B3n-contra-covid-19-ministerio-de-salud-minsa
2021-03-21,561465.0,282956.0,844421.0,Peru,"Oxford/AstraZeneca, Pfizer/BioNTech, Sinopharm/Beijing",https://www.datosabiertos.gob.pe/dataset/vacunaci%C3%B3n-contra-covid-19-ministerio-de-salud-minsa
2021-03-22,570121.0,291360.0,861481.0,Peru,"Oxford/AstraZeneca, Pfizer/BioNTech, Sinopharm/Beijing",https://www.datosabiertos.gob.pe/dataset/vacunaci%C3%B3n-contra-covid-19-ministerio-de-salud-minsa
2021-03-23,585579.0,300318.0,885897.0,Peru,"Oxford/AstraZeneca, Pfizer/BioNTech, Sinopharm/Beijing",https://www.datosabiertos.gob.pe/dataset/vacunaci%C3%B3n-contra-covid-19-ministerio-de-salud-minsa
2021-03-24,600195.0,307461.0,907656.0,Peru,"Oxford/AstraZeneca, Pfizer/BioNTech, Sinopharm/Beijing",https://www.datosabiertos.gob.pe/dataset/vacunaci%C3%B3n-contra-covid-19-ministerio-de-salud-minsa
2021-03-25,613061.0,312196.0,925257.0,Peru,"Oxford/AstraZeneca, Pfizer/BioNTech, Sinopharm/Beijing",https://www.datosabiertos.gob.pe/dataset/vacunaci%C3%B3n-contra-covid-19-ministerio-de-salud-minsa
2021-03-26,629549.0,316780.0,946329.0,Peru,"Oxford/AstraZeneca, Pfizer/BioNTech, Sinopharm/Beijing",https://www.datosabiertos.gob.pe/dataset/vacunaci%C3%B3n-contra-covid-19-ministerio-de-salud-minsa
2021-03-27,640774.0,319644.0,960418.0,Peru,"Oxford/AstraZeneca, Pfizer/BioNTech, Sinopharm/Beijing",https://www.datosabiertos.gob.pe/dataset/vacunaci%C3%B3n-contra-covid-19-ministerio-de-salud-minsa
2021-03-28,642848.0,319842.0,962690.0,Peru,"Oxford/AstraZeneca, Pfizer/BioNTech, Sinopharm/Beijing",https://www.datosabiertos.gob.pe/dataset/vacunaci%C3%B3n-contra-covid-19-ministerio-de-salud-minsa
2021-03-29,647774.0,332623.0,980397.0,Peru,"Oxford/AstraZeneca, Pfizer/BioNTech, Sinopharm/Beijing",https://www.datosabiertos.gob.pe/dataset/vacunaci%C3%B3n-contra-covid-19-ministerio-de-salud-minsa
2021-03-30,652329.0,354190.0,1006519.0,Peru,"Oxford/AstraZeneca, Pfizer/BioNTech, Sinopharm/Beijing",https://www.datosabiertos.gob.pe/dataset/vacunaci%C3%B3n-contra-covid-19-ministerio-de-salud-minsa
2021-03-31,659900.0,371391.0,1031291.0,Peru,"Oxford/AstraZeneca, Pfizer/BioNTech, Sinopharm/Beijing",https://www.datosabiertos.gob.pe/dataset/vacunaci%C3%B3n-contra-covid-19-ministerio-de-salud-minsa
2021-04-01,662175.0,375515.0,1037690.0,Peru,"Oxford/AstraZeneca, Pfizer/BioNTech, Sinopharm/Beijing",https://www.datosabiertos.gob.pe/dataset/vacunaci%C3%B3n-contra-covid-19-ministerio-de-salud-minsa
2021-04-02,663198.0,378288.0,1041486.0,Peru,"Oxford/AstraZeneca, Pfizer/BioNTech, Sinopharm/Beijing",https://www.datosabiertos.gob.pe/dataset/vacunaci%C3%B3n-contra-covid-19-ministerio-de-salud-minsa
2021-04-03,665704.0,384350.0,1050054.0,Peru,"Oxford/AstraZeneca, Pfizer/BioNTech, Sinopharm/Beijing",https://www.datosabiertos.gob.pe/dataset/vacunaci%C3%B3n-contra-covid-19-ministerio-de-salud-minsa
2021-04-04,665936.0,384805.0,1050741.0,Peru,"Oxford/AstraZeneca, Pfizer/BioNTech, Sinopharm/Beijing",https://www.datosabiertos.gob.pe/dataset/vacunaci%C3%B3n-contra-covid-19-ministerio-de-salud-minsa
2021-04-05,672021.0,394845.0,1066866.0,Peru,"Oxford/AstraZeneca, Pfizer/BioNTech, Sinopharm/Beijing",https://www.datosabiertos.gob.pe/dataset/vacunaci%C3%B3n-contra-covid-19-ministerio-de-salud-minsa
2021-04-06,683493.0,412116.0,1095609.0,Peru,"Oxford/AstraZeneca, Pfizer/BioNTech, Sinopharm/Beijing",https://www.datosabiertos.gob.pe/dataset/vacunaci%C3%B3n-contra-covid-19-ministerio-de-salud-minsa
2021-04-07,697149.0,428777.0,1125926.0,Peru,"Oxford/AstraZeneca, Pfizer/BioNTech, Sinopharm/Beijing",https://www.datosabiertos.gob.pe/dataset/vacunaci%C3%B3n-contra-covid-19-ministerio-de-salud-minsa
2021-04-08,713836.0,457127.0,1170963.0,Peru,"Oxford/AstraZeneca, Pfizer/BioNTech, Sinopharm/Beijing",https://www.datosabiertos.gob.pe/dataset/vacunaci%C3%B3n-contra-covid-19-ministerio-de-salud-minsa
2021-04-09,730093.0,475080.0,1205173.0,Peru,"Oxford/AstraZeneca, Pfizer/BioNTech, Sinopharm/Beijing",https://www.datosabiertos.gob.pe/dataset/vacunaci%C3%B3n-contra-covid-19-ministerio-de-salud-minsa
2021-04-10,734308.0,483582.0,1217890.0,Peru,"Oxford/AstraZeneca, Pfizer/BioNTech, Sinopharm/Beijing",https://www.datosabiertos.gob.pe/dataset/vacunaci%C3%B3n-contra-covid-19-ministerio-de-salud-minsa
2021-04-11,734328.0,483648.0,1217976.0,Peru,"Oxford/AstraZeneca, Pfizer/BioNTech, Sinopharm/Beijing",https://www.datosabiertos.gob.pe/dataset/vacunaci%C3%B3n-contra-covid-19-ministerio-de-salud-minsa
2021-04-12,735098.0,496639.0,1231737.0,Peru,"Oxford/AstraZeneca, Pfizer/BioNTech, Sinopharm/Beijing",https://www.datosabiertos.gob.pe/dataset/vacunaci%C3%B3n-contra-covid-19-ministerio-de-salud-minsa
2021-04-13,736996.0,516393.0,1253389.0,Peru,"Oxford/AstraZeneca, Pfizer/BioNTech, Sinopharm/Beijing",https://www.datosabiertos.gob.pe/dataset/vacunaci%C3%B3n-contra-covid-19-ministerio-de-salud-minsa
2021-04-14,739714.0,536693.0,1276407.0,Peru,"Oxford/AstraZeneca, Pfizer/BioNTech, Sinopharm/Beijing",https://www.datosabiertos.gob.pe/dataset/vacunaci%C3%B3n-contra-covid-19-ministerio-de-salud-minsa
2021-04-15,741563.0,557930.0,1299493.0,Peru,"Oxford/AstraZeneca, Pfizer/BioNTech, Sinopharm/Beijing",https://www.datosabiertos.gob.pe/dataset/vacunaci%C3%B3n-contra-covid-19-ministerio-de-salud-minsa
2021-04-16,761245.0,579526.0,1340771.0,Peru,"Oxford/AstraZeneca, Pfizer/BioNTech, Sinopharm/Beijing",https://www.datosabiertos.gob.pe/dataset/vacunaci%C3%B3n-contra-covid-19-ministerio-de-salud-minsa
2021-04-17,790845.0,593824.0,1384669.0,Peru,"Oxford/AstraZeneca, Pfizer/BioNTech, Sinopharm/Beijing",https://www.datosabiertos.gob.pe/dataset/vacunaci%C3%B3n-contra-covid-19-ministerio-de-salud-minsa
2021-04-18,818696.0,596903.0,1415599.0,Peru,"Oxford/AstraZeneca, Pfizer/BioNTech, Sinopharm/Beijing",https://www.datosabiertos.gob.pe/dataset/vacunaci%C3%B3n-contra-covid-19-ministerio-de-salud-minsa
2021-04-19,825576.0,600830.0,1426406.0,Peru,"Oxford/AstraZeneca, Pfizer/BioNTech, Sinopharm/Beijing",https://www.datosabiertos.gob.pe/dataset/vacunaci%C3%B3n-contra-covid-19-ministerio-de-salud-minsa
2021-04-20,836784.0,605523.0,1442307.0,Peru,"Oxford/AstraZeneca, Pfizer/BioNTech, Sinopharm/Beijing",https://www.datosabiertos.gob.pe/dataset/vacunaci%C3%B3n-contra-covid-19-ministerio-de-salud-minsa
2021-04-21,846317.0,615610.0,1461927.0,Peru,"Oxford/AstraZeneca, Pfizer/BioNTech, Sinopharm/Beijing",https://www.datosabiertos.gob.pe/dataset/vacunaci%C3%B3n-contra-covid-19-ministerio-de-salud-minsa
2021-04-22,854526.0,618000.0,1472526.0,Peru,"Oxford/AstraZeneca, Pfizer/BioNTech, Sinopharm/Beijing",https://www.datosabiertos.gob.pe/dataset/vacunaci%C3%B3n-contra-covid-19-ministerio-de-salud-minsa
2021-04-23,880876.0,620505.0,1501381.0,Peru,"Oxford/AstraZeneca, Pfizer/BioNTech, Sinopharm/Beijing",https://www.datosabiertos.gob.pe/dataset/vacunaci%C3%B3n-contra-covid-19-ministerio-de-salud-minsa
2021-04-24,908495.0,622771.0,1531266.0,Peru,"Oxford/AstraZeneca, Pfizer/BioNTech, Sinopharm/Beijing",https://www.datosabiertos.gob.pe/dataset/vacunaci%C3%B3n-contra-covid-19-ministerio-de-salud-minsa
2021-04-25,924016.0,622857.0,1546873.0,Peru,"Oxford/AstraZeneca, Pfizer/BioNTech, Sinopharm/Beijing",https://www.datosabiertos.gob.pe/dataset/vacunaci%C3%B3n-contra-covid-19-ministerio-de-salud-minsa
2021-04-26,939373.0,627094.0,1566467.0,Peru,"Oxford/AstraZeneca, Pfizer/BioNTech, Sinopharm/Beijing",https://www.datosabiertos.gob.pe/dataset/vacunaci%C3%B3n-contra-covid-19-ministerio-de-salud-minsa
2021-04-27,959014.0,637061.0,1596075.0,Peru,"Oxford/AstraZeneca, Pfizer/BioNTech, Sinopharm/Beijing",https://www.datosabiertos.gob.pe/dataset/vacunaci%C3%B3n-contra-covid-19-ministerio-de-salud-minsa
2021-04-28,998408.0,648588.0,1646996.0,Peru,"Oxford/AstraZeneca, Pfizer/BioNTech, Sinopharm/Beijing",https://www.datosabiertos.gob.pe/dataset/vacunaci%C3%B3n-contra-covid-19-ministerio-de-salud-minsa
2021-04-29,1043087.0,661004.0,1704091.0,Peru,"Oxford/AstraZeneca, Pfizer/BioNTech, Sinopharm/Beijing",https://www.datosabiertos.gob.pe/dataset/vacunaci%C3%B3n-contra-covid-19-ministerio-de-salud-minsa
2021-04-30,1124130.0,677871.0,1802001.0,Peru,"Oxford/AstraZeneca, Pfizer/BioNTech, Sinopharm/Beijing",https://www.datosabiertos.gob.pe/dataset/vacunaci%C3%B3n-contra-covid-19-ministerio-de-salud-minsa
2021-05-01,1186833.0,680790.0,1867623.0,Peru,"Oxford/AstraZeneca, Pfizer/BioNTech, Sinopharm/Beijing",https://www.datosabiertos.gob.pe/dataset/vacunaci%C3%B3n-contra-covid-19-ministerio-de-salud-minsa
2021-05-02,1234407.0,681844.0,1916251.0,Peru,"Oxford/AstraZeneca, Pfizer/BioNTech, Sinopharm/Beijing",https://www.datosabiertos.gob.pe/dataset/vacunaci%C3%B3n-contra-covid-19-ministerio-de-salud-minsa
2021-05-03,1293273.0,686629.0,1979902.0,Peru,"Oxford/AstraZeneca, Pfizer/BioNTech, Sinopharm/Beijing",https://www.datosabiertos.gob.pe/dataset/vacunaci%C3%B3n-contra-covid-19-ministerio-de-salud-minsa
2021-05-04,1315973.0,688058.0,2004031.0,Peru,"Oxford/AstraZeneca, Pfizer/BioNTech, Sinopharm/Beijing",https://www.datosabiertos.gob.pe/dataset/vacunaci%C3%B3n-contra-covid-19-ministerio-de-salud-minsa
2021-05-05,1336279.0,692480.0,2028759.0,Peru,"Oxford/AstraZeneca, Pfizer/BioNTech, Sinopharm/Beijing",https://www.datosabiertos.gob.pe/dataset/vacunaci%C3%B3n-contra-covid-19-ministerio-de-salud-minsa
2021-05-06,1375302.0,694352.0,2069654.0,Peru,"Oxford/AstraZeneca, Pfizer/BioNTech, Sinopharm/Beijing",https://www.datosabiertos.gob.pe/dataset/vacunaci%C3%B3n-contra-covid-19-ministerio-de-salud-minsa
2021-05-07,1408753.0,708807.0,2117560.0,Peru,"Oxford/AstraZeneca, Pfizer/BioNTech, Sinopharm/Beijing",https://www.datosabiertos.gob.pe/dataset/vacunaci%C3%B3n-contra-covid-19-ministerio-de-salud-minsa
2021-05-08,1469382.0,731356.0,2200738.0,Peru,"Oxford/AstraZeneca, Pfizer/BioNTech, Sinopharm/Beijing",https://www.datosabiertos.gob.pe/dataset/vacunaci%C3%B3n-contra-covid-19-ministerio-de-salud-minsa
2021-05-09,1502277.0,756602.0,2258879.0,Peru,"Oxford/AstraZeneca, Pfizer/BioNTech, Sinopharm/Beijing",https://www.datosabiertos.gob.pe/dataset/vacunaci%C3%B3n-contra-covid-19-ministerio-de-salud-minsa
2021-05-10,1549572.0,765519.0,2315091.0,Peru,"Oxford/AstraZeneca, Pfizer/BioNTech, Sinopharm/Beijing",https://www.datosabiertos.gob.pe/dataset/vacunaci%C3%B3n-contra-covid-19-ministerio-de-salud-minsa
2021-05-11,1592160.0,777449.0,2369609.0,Peru,"Oxford/AstraZeneca, Pfizer/BioNTech, Sinopharm/Beijing",https://www.datosabiertos.gob.pe/dataset/vacunaci%C3%B3n-contra-covid-19-ministerio-de-salud-minsa
2021-05-12,1649760.0,788184.0,2437944.0,Peru,"Oxford/AstraZeneca, Pfizer/BioNTech, Sinopharm/Beijing",https://www.datosabiertos.gob.pe/dataset/vacunaci%C3%B3n-contra-covid-19-ministerio-de-salud-minsa
2021-05-13,1722971.0,795829.0,2518800.0,Peru,"Oxford/AstraZeneca, Pfizer/BioNTech, Sinopharm/Beijing",https://www.datosabiertos.gob.pe/dataset/vacunaci%C3%B3n-contra-covid-19-ministerio-de-salud-minsa
2021-05-14,1810773.0,815610.0,2626383.0,Peru,"Oxford/AstraZeneca, Pfizer/BioNTech, Sinopharm/Beijing",https://www.datosabiertos.gob.pe/dataset/vacunaci%C3%B3n-contra-covid-19-ministerio-de-salud-minsa
2021-05-15,1863529.0,836882.0,2700411.0,Peru,"Oxford/AstraZeneca, Pfizer/BioNTech, Sinopharm/Beijing",https://www.datosabiertos.gob.pe/dataset/vacunaci%C3%B3n-contra-covid-19-ministerio-de-salud-minsa
2021-05-16,1886900.0,851349.0,2738249.0,Peru,"Oxford/AstraZeneca, Pfizer/BioNTech, Sinopharm/Beijing",https://www.datosabiertos.gob.pe/dataset/vacunaci%C3%B3n-contra-covid-19-ministerio-de-salud-minsa
2021-05-17,1937815.0,859546.0,2797361.0,Peru,"Oxford/AstraZeneca, Pfizer/BioNTech, Sinopharm/Beijing",https://www.datosabiertos.gob.pe/dataset/vacunaci%C3%B3n-contra-covid-19-ministerio-de-salud-minsa
2021-05-18,1997210.0,869316.0,2866526.0,Peru,"Oxford/AstraZeneca, Pfizer/BioNTech, Sinopharm/Beijing",https://www.datosabiertos.gob.pe/dataset/vacunaci%C3%B3n-contra-covid-19-ministerio-de-salud-minsa
2021-05-19,2057404.0,889365.0,2946769.0,Peru,"Oxford/AstraZeneca, Pfizer/BioNTech, Sinopharm/Beijing",https://www.datosabiertos.gob.pe/dataset/vacunaci%C3%B3n-contra-covid-19-ministerio-de-salud-minsa
2021-05-20,2127611.0,905600.0,3033211.0,Peru,"Oxford/AstraZeneca, Pfizer/BioNTech, Sinopharm/Beijing",https://www.datosabiertos.gob.pe/dataset/vacunaci%C3%B3n-contra-covid-19-ministerio-de-salud-minsa
2021-05-21,2235983.0,958023.0,3194006.0,Peru,"Oxford/AstraZeneca, Pfizer/BioNTech, Sinopharm/Beijing",https://www.datosabiertos.gob.pe/dataset/vacunaci%C3%B3n-contra-covid-19-ministerio-de-salud-minsa
2021-05-22,2315029.0,1008854.0,3323883.0,Peru,"Oxford/AstraZeneca, Pfizer/BioNTech, Sinopharm/Beijing",https://www.datosabiertos.gob.pe/dataset/vacunaci%C3%B3n-contra-covid-19-ministerio-de-salud-minsa
2021-05-23,2359406.0,1049844.0,3409250.0,Peru,"Oxford/AstraZeneca, Pfizer/BioNTech, Sinopharm/Beijing",https://www.datosabiertos.gob.pe/dataset/vacunaci%C3%B3n-contra-covid-19-ministerio-de-salud-minsa
2021-05-24,2428189.0,1100791.0,3528980.0,Peru,"Oxford/AstraZeneca, Pfizer/BioNTech, Sinopharm/Beijing",https://www.datosabiertos.gob.pe/dataset/vacunaci%C3%B3n-contra-covid-19-ministerio-de-salud-minsa
2021-05-25,2504820.0,1123330.0,3628150.0,Peru,"Oxford/AstraZeneca, Pfizer/BioNTech, Sinopharm/Beijing",https://www.datosabiertos.gob.pe/dataset/vacunaci%C3%B3n-contra-covid-19-ministerio-de-salud-minsa
2021-05-26,2587599.0,1135198.0,3722797.0,Peru,"Oxford/AstraZeneca, Pfizer/BioNTech, Sinopharm/Beijing",https://www.datosabiertos.gob.pe/dataset/vacunaci%C3%B3n-contra-covid-19-ministerio-de-salud-minsa
2021-05-27,2677503.0,1161934.0,3839437.0,Peru,"Oxford/AstraZeneca, Pfizer/BioNTech, Sinopharm/Beijing",https://www.datosabiertos.gob.pe/dataset/vacunaci%C3%B3n-contra-covid-19-ministerio-de-salud-minsa
2021-05-28,2801191.0,1189320.0,3990511.0,Peru,"Oxford/AstraZeneca, Pfizer/BioNTech, Sinopharm/Beijing",https://www.datosabiertos.gob.pe/dataset/vacunaci%C3%B3n-contra-covid-19-ministerio-de-salud-minsa
2021-05-29,2876026.0,1244471.0,4120497.0,Peru,"Oxford/AstraZeneca, Pfizer/BioNTech, Sinopharm/Beijing",https://www.datosabiertos.gob.pe/dataset/vacunaci%C3%B3n-contra-covid-19-ministerio-de-salud-minsa
2021-05-30,2909099.0,1274675.0,4183774.0,Peru,"Oxford/AstraZeneca, Pfizer/BioNTech, Sinopharm/Beijing",https://www.datosabiertos.gob.pe/dataset/vacunaci%C3%B3n-contra-covid-19-ministerio-de-salud-minsa
2021-05-31,2976910.0,1316742.0,4293652.0,Peru,"Oxford/AstraZeneca, Pfizer/BioNTech, Sinopharm/Beijing",https://www.datosabiertos.gob.pe/dataset/vacunaci%C3%B3n-contra-covid-19-ministerio-de-salud-minsa
2021-06-01,3051289.0,1353733.0,4405022.0,Peru,"Oxford/AstraZeneca, Pfizer/BioNTech, Sinopharm/Beijing",https://www.datosabiertos.gob.pe/dataset/vacunaci%C3%B3n-contra-covid-19-ministerio-de-salud-minsa
2021-06-02,3128560.0,1388873.0,4517433.0,Peru,"Oxford/AstraZeneca, Pfizer/BioNTech, Sinopharm/Beijing",https://www.datosabiertos.gob.pe/dataset/vacunaci%C3%B3n-contra-covid-19-ministerio-de-salud-minsa
2021-06-03,3166451.0,1414690.0,4581141.0,Peru,"Oxford/AstraZeneca, Pfizer/BioNTech, Sinopharm/Beijing",https://www.datosabiertos.gob.pe/dataset/vacunaci%C3%B3n-contra-covid-19-ministerio-de-salud-minsa
2021-06-04,3181947.0,1435102.0,4617049.0,Peru,"Oxford/AstraZeneca, Pfizer/BioNTech, Sinopharm/Beijing",https://www.datosabiertos.gob.pe/dataset/vacunaci%C3%B3n-contra-covid-19-ministerio-de-salud-minsa
2021-06-05,3189025.0,1448036.0,4637061.0,Peru,"Oxford/AstraZeneca, Pfizer/BioNTech, Sinopharm/Beijing",https://www.datosabiertos.gob.pe/dataset/vacunaci%C3%B3n-contra-covid-19-ministerio-de-salud-minsa
2021-06-06,3190334.0,1448215.0,4638549.0,Peru,"Oxford/AstraZeneca, Pfizer/BioNTech, Sinopharm/Beijing",https://www.datosabiertos.gob.pe/dataset/vacunaci%C3%B3n-contra-covid-19-ministerio-de-salud-minsa
2021-06-07,3198141.0,1471268.0,4669409.0,Peru,"Oxford/AstraZeneca, Pfizer/BioNTech, Sinopharm/Beijing",https://www.datosabiertos.gob.pe/dataset/vacunaci%C3%B3n-contra-covid-19-ministerio-de-salud-minsa
2021-06-08,3297701.0,1587195.0,4884896.0,Peru,"Oxford/AstraZeneca, Pfizer/BioNTech, Sinopharm/Beijing",https://www.datosabiertos.gob.pe/dataset/vacunaci%C3%B3n-contra-covid-19-ministerio-de-salud-minsa
2021-06-09,3409250.0,1677634.0,5086884.0,Peru,"Oxford/AstraZeneca, Pfizer/BioNTech, Sinopharm/Beijing",https://www.datosabiertos.gob.pe/dataset/vacunaci%C3%B3n-contra-covid-19-ministerio-de-salud-minsa
2021-06-10,3527986.0,1783324.0,5311310.0,Peru,"Oxford/AstraZeneca, Pfizer/BioNTech, Sinopharm/Beijing",https://www.datosabiertos.gob.pe/dataset/vacunaci%C3%B3n-contra-covid-19-ministerio-de-salud-minsa
2021-06-11,3610690.0,1911162.0,5521852.0,Peru,"Oxford/AstraZeneca, Pfizer/BioNTech, Sinopharm/Beijing",https://www.datosabiertos.gob.pe/dataset/vacunaci%C3%B3n-contra-covid-19-ministerio-de-salud-minsa
2021-06-12,3681399.0,1994270.0,5675669.0,Peru,"Oxford/AstraZeneca, Pfizer/BioNTech, Sinopharm/Beijing",https://www.datosabiertos.gob.pe/dataset/vacunaci%C3%B3n-contra-covid-19-ministerio-de-salud-minsa
2021-06-13,3715109.0,2035340.0,5750449.0,Peru,"Oxford/AstraZeneca, Pfizer/BioNTech, Sinopharm/Beijing",https://www.datosabiertos.gob.pe/dataset/vacunaci%C3%B3n-contra-covid-19-ministerio-de-salud-minsa
2021-06-14,3750688.0,2110156.0,5860844.0,Peru,"Oxford/AstraZeneca, Pfizer/BioNTech, Sinopharm/Beijing",https://www.datosabiertos.gob.pe/dataset/vacunaci%C3%B3n-contra-covid-19-ministerio-de-salud-minsa
2021-06-15,3791473.0,2196021.0,5987494.0,Peru,"Oxford/AstraZeneca, Pfizer/BioNTech, Sinopharm/Beijing",https://www.datosabiertos.gob.pe/dataset/vacunaci%C3%B3n-contra-covid-19-ministerio-de-salud-minsa
2021-06-16,3828529.0,2269193.0,6097722.0,Peru,"Oxford/AstraZeneca, Pfizer/BioNTech, Sinopharm/Beijing",https://www.datosabiertos.gob.pe/dataset/vacunaci%C3%B3n-contra-covid-19-ministerio-de-salud-minsa
2021-06-17,3867264.0,2367323.0,6234587.0,Peru,"Oxford/AstraZeneca, Pfizer/BioNTech, Sinopharm/Beijing",https://www.datosabiertos.gob.pe/dataset/vacunaci%C3%B3n-contra-covid-19-ministerio-de-salud-minsa
2021-06-18,3900839.0,2499556.0,6400395.0,Peru,"Oxford/AstraZeneca, Pfizer/BioNTech, Sinopharm/Beijing",https://www.datosabiertos.gob.pe/dataset/vacunaci%C3%B3n-contra-covid-19-ministerio-de-salud-minsa
2021-06-19,3921950.0,2586870.0,6508820.0,Peru,"Oxford/AstraZeneca, Pfizer/BioNTech, Sinopharm/Beijing",https://www.datosabiertos.gob.pe/dataset/vacunaci%C3%B3n-contra-covid-19-ministerio-de-salud-minsa
2021-06-20,3928103.0,2611951.0,6540054.0,Peru,"Oxford/AstraZeneca, Pfizer/BioNTech, Sinopharm/Beijing",https://www.datosabiertos.gob.pe/dataset/vacunaci%C3%B3n-contra-covid-19-ministerio-de-salud-minsa
2021-06-21,3968958.0,2673001.0,6641959.0,Peru,"Oxford/AstraZeneca, Pfizer/BioNTech, Sinopharm/Beijing",https://www.datosabiertos.gob.pe/dataset/vacunaci%C3%B3n-contra-covid-19-ministerio-de-salud-minsa
2021-06-22,4012857.0,2761695.0,6774552.0,Peru,"Oxford/AstraZeneca, Pfizer/BioNTech, Sinopharm/Beijing",https://www.datosabiertos.gob.pe/dataset/vacunaci%C3%B3n-contra-covid-19-ministerio-de-salud-minsa
2021-06-23,4049813.0,2842303.0,6892116.0,Peru,"Oxford/AstraZeneca, Pfizer/BioNTech, Sinopharm/Beijing",https://www.datosabiertos.gob.pe/dataset/vacunaci%C3%B3n-contra-covid-19-ministerio-de-salud-minsa
2021-06-24,4088963.0,2880355.0,6969318.0,Peru,"Oxford/AstraZeneca, Pfizer/BioNTech, Sinopharm/Beijing",https://www.datosabiertos.gob.pe/dataset/vacunaci%C3%B3n-contra-covid-19-ministerio-de-salud-minsa
2021-06-25,4161476.0,2903375.0,7064851.0,Peru,"Oxford/AstraZeneca, Pfizer/BioNTech, Sinopharm/Beijing",https://www.datosabiertos.gob.pe/dataset/vacunaci%C3%B3n-contra-covid-19-ministerio-de-salud-minsa
2021-06-26,4211807.0,2911485.0,7123292.0,Peru,"Oxford/AstraZeneca, Pfizer/BioNTech, Sinopharm/Beijing",https://www.datosabiertos.gob.pe/dataset/vacunaci%C3%B3n-contra-covid-19-ministerio-de-salud-minsa
2021-06-27,4243361.0,2913726.0,7157087.0,Peru,"Oxford/AstraZeneca, Pfizer/BioNTech, Sinopharm/Beijing",https://www.datosabiertos.gob.pe/dataset/vacunaci%C3%B3n-contra-covid-19-ministerio-de-salud-minsa
