location,date,vaccine,total_vaccinations,source_url,people_vaccinated,people_fully_vaccinated
Spain,2021-01-04,Pfizer/BioNTech,82834,https://www.mscbs.gob.es/profesionales/saludPublica/ccayes/alertasActual/nCov/vacunaCovid19.htm,82834,
Spain,2021-01-05,Pfizer/BioNTech,139339,https://www.mscbs.gob.es/profesionales/saludPublica/ccayes/alertasActual/nCov/vacunaCovid19.htm,139339,
Spain,2021-01-07,Pfizer/BioNTech,207323,https://www.mscbs.gob.es/profesionales/saludPublica/ccayes/alertasActual/nCov/vacunaCovid19.htm,207323,
Spain,2021-01-08,Pfizer/BioNTech,277976,https://www.mscbs.gob.es/profesionales/saludPublica/ccayes/alertasActual/nCov/vacunaCovid19.htm,277976,
Spain,2021-01-11,Pfizer/BioNTech,406091,https://www.mscbs.gob.es/profesionales/saludPublica/ccayes/alertasActual/nCov/vacunaCovid19.htm,406091,
Spain,2021-01-12,Pfizer/BioNTech,488122,https://www.mscbs.gob.es/profesionales/saludPublica/ccayes/alertasActual/nCov/vacunaCovid19.htm,488122,
Spain,2021-01-13,Pfizer/BioNTech,581638,https://www.mscbs.gob.es/profesionales/saludPublica/ccayes/alertasActual/nCov/vacunaCovid19.htm,581638,
Spain,2021-01-14,Pfizer/BioNTech,676186,https://www.mscbs.gob.es/profesionales/saludPublica/ccayes/alertasActual/nCov/vacunaCovid19.htm,676186,
Spain,2021-01-15,"Moderna, Pfizer/BioNTech",768950,https://www.mscbs.gob.es/profesionales/saludPublica/ccayes/alertasActual/nCov/vacunaCovid19.htm,768950,
Spain,2021-01-18,"Moderna, Pfizer/BioNTech",897942,https://www.mscbs.gob.es/profesionales/saludPublica/ccayes/alertasActual/nCov/documentos/Informe_Comunicacion_20210118.ods,895627,2315
Spain,2021-01-19,"Moderna, Pfizer/BioNTech",966097,https://www.mscbs.gob.es/profesionales/saludPublica/ccayes/alertasActual/nCov/documentos/Informe_Comunicacion_20210119.ods,956756,9341
Spain,2021-01-20,"Moderna, Pfizer/BioNTech",1025937,https://www.mscbs.gob.es/profesionales/saludPublica/ccayes/alertasActual/nCov/documentos/Informe_Comunicacion_20210120.ods,1010295,15642
Spain,2021-01-21,"Moderna, Pfizer/BioNTech",1103301,https://www.mscbs.gob.es/profesionales/saludPublica/ccayes/alertasActual/nCov/documentos/Informe_Comunicacion_20210121.ods,1054245,49056
Spain,2021-01-22,"Moderna, Pfizer/BioNTech",1165825,https://www.mscbs.gob.es/profesionales/saludPublica/ccayes/alertasActual/nCov/documentos/Informe_Comunicacion_20210122.ods,1097369,68456
Spain,2021-01-24,"Moderna, Pfizer/BioNTech",1237593,https://www.mscbs.gob.es/profesionales/saludPublica/ccayes/alertasActual/nCov/documentos/Informe_Comunicacion_20210125.ods,1148895,88698
Spain,2021-01-25,"Moderna, Pfizer/BioNTech",1291216,https://www.mscbs.gob.es/profesionales/saludPublica/ccayes/alertasActual/nCov/documentos/Informe_Comunicacion_20210126.ods,1167519,123697
Spain,2021-01-26,"Moderna, Pfizer/BioNTech",1356461,https://www.mscbs.gob.es/profesionales/saludPublica/ccayes/alertasActual/nCov/documentos/Informe_Comunicacion_20210127.ods,1183395,173066
Spain,2021-01-27,"Moderna, Pfizer/BioNTech",1395618,https://www.mscbs.gob.es/profesionales/saludPublica/ccayes/alertasActual/nCov/documentos/Informe_Comunicacion_20210128.ods,1202859,192759
Spain,2021-01-28,"Moderna, Pfizer/BioNTech",1474189,https://www.mscbs.gob.es/profesionales/saludPublica/ccayes/alertasActual/nCov/documentos/Informe_Comunicacion_20210129.ods,1222323,251866
Spain,2021-01-31,"Moderna, Pfizer/BioNTech",1609261,https://www.mscbs.gob.es/profesionales/saludPublica/ccayes/alertasActual/nCov/documentos/Informe_Comunicacion_20210201.ods,1251369,357892
Spain,2021-02-01,"Moderna, Pfizer/BioNTech",1673054,https://www.mscbs.gob.es/profesionales/saludPublica/ccayes/alertasActual/nCov/documentos/Informe_Comunicacion_20210202.ods,1254535,418519
Spain,2021-02-02,"Moderna, Pfizer/BioNTech",1764778,https://www.mscbs.gob.es/profesionales/saludPublica/ccayes/alertasActual/nCov/documentos/Informe_Comunicacion_20210203.ods,1265800,498978
Spain,2021-02-03,"Moderna, Pfizer/BioNTech",1865342,https://www.mscbs.gob.es/profesionales/saludPublica/ccayes/alertasActual/nCov/documentos/Informe_Comunicacion_20210204.ods,1279220,586122
Spain,2021-02-04,"Moderna, Pfizer/BioNTech",1988160,https://www.mscbs.gob.es/profesionales/saludPublica/ccayes/alertasActual/nCov/documentos/Informe_Comunicacion_20210205.ods,1305251,682909
Spain,2021-02-07,"Moderna, Oxford/AstraZeneca, Pfizer/BioNTech",2105033,https://www.mscbs.gob.es/profesionales/saludPublica/ccayes/alertasActual/nCov/documentos/Informe_Comunicacion_20210208.ods,1318626,786407
Spain,2021-02-08,"Moderna, Oxford/AstraZeneca, Pfizer/BioNTech",2167241,https://www.mscbs.gob.es/profesionales/saludPublica/ccayes/alertasActual/nCov/documentos/Informe_Comunicacion_20210209.ods,1328459,838782
Spain,2021-02-09,"Moderna, Oxford/AstraZeneca, Pfizer/BioNTech",2233249,https://www.mscbs.gob.es/profesionales/saludPublica/ccayes/alertasActual/nCov/documentos/Informe_Comunicacion_20210210.ods,1343566,889683
Spain,2021-02-10,"Moderna, Oxford/AstraZeneca, Pfizer/BioNTech",2320507,https://www.mscbs.gob.es/profesionales/saludPublica/ccayes/alertasActual/nCov/documentos/Informe_Comunicacion_20210211.ods,1377229,943278
Spain,2021-02-11,"Moderna, Oxford/AstraZeneca, Pfizer/BioNTech",2423045,https://www.mscbs.gob.es/profesionales/saludPublica/ccayes/alertasActual/nCov/documentos/Informe_Comunicacion_20210212.ods,1422560,1000485
Spain,2021-02-14,"Moderna, Oxford/AstraZeneca, Pfizer/BioNTech",2561608,https://www.mscbs.gob.es/profesionales/saludPublica/ccayes/alertasActual/nCov/documentos/Informe_Comunicacion_20210215.ods,1491517,1070091
Spain,2021-02-15,"Moderna, Oxford/AstraZeneca, Pfizer/BioNTech",2624512,https://www.mscbs.gob.es/profesionales/saludPublica/ccayes/alertasActual/nCov/documentos/Informe_Comunicacion_20210216.ods,1527590,1096922
Spain,2021-02-16,"Moderna, Oxford/AstraZeneca, Pfizer/BioNTech",2690457,https://www.mscbs.gob.es/profesionales/saludPublica/ccayes/alertasActual/nCov/documentos/Informe_Comunicacion_20210217.ods,1571277,1119180
Spain,2021-02-17,"Moderna, Oxford/AstraZeneca, Pfizer/BioNTech",2782751,https://www.mscbs.gob.es/profesionales/saludPublica/ccayes/alertasActual/nCov/documentos/Informe_Comunicacion_20210218.ods,1638195,1144556
Spain,2021-02-18,"Moderna, Oxford/AstraZeneca, Pfizer/BioNTech",2936011,https://www.mscbs.gob.es/profesionales/saludPublica/ccayes/alertasActual/nCov/documentos/Informe_Comunicacion_20210219.ods,1764985,1171026
Spain,2021-02-21,"Moderna, Oxford/AstraZeneca, Pfizer/BioNTech",3090351,https://www.mscbs.gob.es/profesionales/saludPublica/ccayes/alertasActual/nCov/documentos/Informe_Comunicacion_20210222.ods,1893290,1197061
Spain,2021-02-22,"Moderna, Oxford/AstraZeneca, Pfizer/BioNTech",3165191,https://www.mscbs.gob.es/profesionales/saludPublica/ccayes/alertasActual/nCov/documentos/Informe_Comunicacion_20210223.ods,1956886,1208305
Spain,2021-02-23,"Moderna, Oxford/AstraZeneca, Pfizer/BioNTech",3284678,https://www.mscbs.gob.es/profesionales/saludPublica/ccayes/alertasActual/nCov/documentos/Informe_Comunicacion_20210224.ods,2063495,1221183
Spain,2021-02-24,"Moderna, Oxford/AstraZeneca, Pfizer/BioNTech",3436158,https://www.mscbs.gob.es/profesionales/saludPublica/ccayes/alertasActual/nCov/documentos/Informe_Comunicacion_20210225.ods,2204376,1231782
Spain,2021-02-25,"Moderna, Oxford/AstraZeneca, Pfizer/BioNTech",3605635,https://www.mscbs.gob.es/profesionales/saludPublica/ccayes/alertasActual/nCov/documentos/Informe_Comunicacion_20210226.ods,2361852,1243783
Spain,2021-02-28,"Moderna, Oxford/AstraZeneca, Pfizer/BioNTech",3829465,https://www.mscbs.gob.es/profesionales/saludPublica/ccayes/alertasActual/nCov/documentos/Informe_Comunicacion_20210301.ods,2567617,1261848
Spain,2021-03-01,"Moderna, Oxford/AstraZeneca, Pfizer/BioNTech",3908734,https://www.mscbs.gob.es/profesionales/saludPublica/ccayes/alertasActual/nCov/documentos/Informe_Comunicacion_20210302.ods,2642034,1266700
Spain,2021-03-02,"Moderna, Oxford/AstraZeneca, Pfizer/BioNTech",4059320,https://www.mscbs.gob.es/profesionales/saludPublica/ccayes/alertasActual/nCov/documentos/Informe_Comunicacion_20210303.ods,2772318,1287002
Spain,2021-03-03,"Moderna, Oxford/AstraZeneca, Pfizer/BioNTech",4229092,https://www.mscbs.gob.es/profesionales/saludPublica/ccayes/alertasActual/nCov/documentos/Informe_Comunicacion_20210304.ods,2920179,1308913
Spain,2021-03-04,"Moderna, Oxford/AstraZeneca, Pfizer/BioNTech",4471577,https://www.mscbs.gob.es/profesionales/saludPublica/ccayes/alertasActual/nCov/documentos/Informe_Comunicacion_20210305.ods,3129092,1342485
Spain,2021-03-07,"Moderna, Oxford/AstraZeneca, Pfizer/BioNTech",4712191,https://www.mscbs.gob.es/profesionales/saludPublica/ccayes/alertasActual/nCov/documentos/Informe_Comunicacion_20210308.ods,3328703,1383488
Spain,2021-03-08,"Moderna, Oxford/AstraZeneca, Pfizer/BioNTech",4848648,https://www.mscbs.gob.es/profesionales/saludPublica/ccayes/alertasActual/nCov/documentos/Informe_Comunicacion_20210309.ods,3436412,1412236
Spain,2021-03-09,"Moderna, Oxford/AstraZeneca, Pfizer/BioNTech",4989505,https://www.mscbs.gob.es/profesionales/saludPublica/ccayes/alertasActual/nCov/documentos/Informe_Comunicacion_20210310.ods,3541667,1447838
Spain,2021-03-10,"Moderna, Oxford/AstraZeneca, Pfizer/BioNTech",5172106,https://www.mscbs.gob.es/profesionales/saludPublica/ccayes/alertasActual/nCov/documentos/Informe_Comunicacion_20210311.ods,3668848,1503258
Spain,2021-03-11,"Moderna, Oxford/AstraZeneca, Pfizer/BioNTech",5352767,https://www.mscbs.gob.es/profesionales/saludPublica/ccayes/alertasActual/nCov/documentos/Informe_GIV_comunicacion_20210312.ods,3769523,1583244
Spain,2021-03-15,"Moderna, Oxford/AstraZeneca, Pfizer/BioNTech",5644895,https://www.mscbs.gob.es/profesionales/saludPublica/ccayes/alertasActual/nCov/vacunaCovid19.htm,3951221,1693674
Spain,2021-03-16,"Moderna, Oxford/AstraZeneca, Pfizer/BioNTech",5742218,https://www.mscbs.gob.es/profesionales/saludPublica/ccayes/alertasActual/nCov/vacunaCovid19.htm,4013681,1728537
Spain,2021-03-17,"Moderna, Oxford/AstraZeneca, Pfizer/BioNTech",5857085,https://www.mscbs.gob.es/profesionales/saludPublica/ccayes/alertasActual/nCov/vacunaCovid19.htm,4052470,1804615
Spain,2021-03-18,"Moderna, Oxford/AstraZeneca, Pfizer/BioNTech",5993363,https://www.mscbs.gob.es/profesionales/saludPublica/ccayes/alertasActual/nCov/vacunaCovid19.htm,4106550,1886813
Spain,2021-03-22,"Moderna, Oxford/AstraZeneca, Pfizer/BioNTech",6321908,https://www.mscbs.gob.es/profesionales/saludPublica/ccayes/alertasActual/nCov/vacunaCovid19.htm,4211040,2110868
Spain,2021-03-23,"Moderna, Oxford/AstraZeneca, Pfizer/BioNTech",6409196,https://www.mscbs.gob.es/profesionales/saludPublica/ccayes/alertasActual/nCov/vacunaCovid19.htm,4252598,2156598
Spain,2021-03-24,"Moderna, Oxford/AstraZeneca, Pfizer/BioNTech",6620093,https://www.mscbs.gob.es/profesionales/saludPublica/ccayes/alertasActual/nCov/vacunaCovid19.htm,4343860,2276233
Spain,2021-03-25,"Moderna, Oxford/AstraZeneca, Pfizer/BioNTech",6839736,https://www.mscbs.gob.es/profesionales/saludPublica/ccayes/alertasActual/nCov/vacunaCovid19.htm,4447534,2392202
Spain,2021-03-26,"Moderna, Oxford/AstraZeneca, Pfizer/BioNTech",7067371,https://www.mscbs.gob.es/profesionales/saludPublica/ccayes/alertasActual/nCov/vacunaCovid19.htm,4561529,2505842
Spain,2021-03-29,"Moderna, Oxford/AstraZeneca, Pfizer/BioNTech",7571439,https://www.mscbs.gob.es/profesionales/saludPublica/ccayes/alertasActual/nCov/vacunaCovid19.htm,4967230,2604209
Spain,2021-03-30,"Moderna, Oxford/AstraZeneca, Pfizer/BioNTech",7736611,https://www.mscbs.gob.es/profesionales/saludPublica/ccayes/alertasActual/nCov/vacunaCovid19.htm,5092535,2644076
Spain,2021-03-31,"Moderna, Oxford/AstraZeneca, Pfizer/BioNTech",8035160,https://www.mscbs.gob.es/profesionales/saludPublica/ccayes/alertasActual/nCov/vacunaCovid19.htm,5314076,2721084
Spain,2021-04-01,"Moderna, Oxford/AstraZeneca, Pfizer/BioNTech",8342155,https://www.mscbs.gob.es/profesionales/saludPublica/ccayes/alertasActual/nCov/vacunaCovid19.htm,5545140,2797015
Spain,2021-04-03,"Moderna, Oxford/AstraZeneca, Pfizer/BioNTech",8548598,https://www.mscbs.gob.es/profesionales/saludPublica/ccayes/alertasActual/nCov/vacunaCovid19.htm,5707450,2841148
Spain,2021-04-05,"Moderna, Oxford/AstraZeneca, Pfizer/BioNTech",8743694,https://www.mscbs.gob.es/profesionales/saludPublica/ccayes/alertasActual/nCov/vacunaCovid19.htm,5890888,2852806
Spain,2021-04-06,"Moderna, Oxford/AstraZeneca, Pfizer/BioNTech",9021001,https://www.mscbs.gob.es/profesionales/saludPublica/ccayes/alertasActual/nCov/vacunaCovid19.htm,6118710,2902291
Spain,2021-04-07,"Moderna, Oxford/AstraZeneca, Pfizer/BioNTech",9357847,https://www.mscbs.gob.es/profesionales/saludPublica/ccayes/alertasActual/nCov/vacunaCovid19.htm,6416016,2941831
Spain,2021-04-08,"Moderna, Oxford/AstraZeneca, Pfizer/BioNTech",9811529,https://www.mscbs.gob.es/profesionales/saludPublica/ccayes/alertasActual/nCov/vacunaCovid19.htm,6791079,3020450
Spain,2021-04-09,"Moderna, Oxford/AstraZeneca, Pfizer/BioNTech",10231825,https://www.mscbs.gob.es/profesionales/saludPublica/ccayes/alertasActual/nCov/vacunaCovid19.htm,7159716,3072109
Spain,2021-04-12,"Moderna, Oxford/AstraZeneca, Pfizer/BioNTech",10784997,https://www.mscbs.gob.es/profesionales/saludPublica/ccayes/alertasActual/nCov/vacunaCovid19.htm,7676560,3108437
Spain,2021-04-13,"Moderna, Oxford/AstraZeneca, Pfizer/BioNTech",11073657,https://www.mscbs.gob.es/profesionales/saludPublica/ccayes/alertasActual/nCov/vacunaCovid19.htm,7937566,3136091
Spain,2021-04-14,"Moderna, Oxford/AstraZeneca, Pfizer/BioNTech",11436073,https://www.mscbs.gob.es/profesionales/saludPublica/ccayes/alertasActual/nCov/vacunaCovid19.htm,8250887,3185186
Spain,2021-04-15,"Moderna, Oxford/AstraZeneca, Pfizer/BioNTech",11885085,https://www.mscbs.gob.es/profesionales/saludPublica/ccayes/alertasActual/nCov/vacunaCovid19.htm,8631548,3253537
Spain,2021-04-16,"Moderna, Oxford/AstraZeneca, Pfizer/BioNTech",12330755,https://www.mscbs.gob.es/profesionales/saludPublica/ccayes/alertasActual/nCov/vacunaCovid19.htm,9002054,3328701
Spain,2021-04-19,"Moderna, Oxford/AstraZeneca, Pfizer/BioNTech",12853599,https://www.mscbs.gob.es/profesionales/saludPublica/ccayes/alertasActual/nCov/vacunaCovid19.htm,9441685,3411914
Spain,2021-04-20,"Moderna, Oxford/AstraZeneca, Pfizer/BioNTech",13041032,https://www.mscbs.gob.es/profesionales/saludPublica/ccayes/alertasActual/nCov/vacunaCovid19.htm,9588913,3452119
Spain,2021-04-21,"Moderna, Oxford/AstraZeneca, Pfizer/BioNTech",13497809,https://www.mscbs.gob.es/profesionales/saludPublica/ccayes/alertasActual/nCov/vacunaCovid19.htm,9886203,3611606
Spain,2021-04-22,"Moderna, Oxford/AstraZeneca, Pfizer/BioNTech",13909964,https://www.mscbs.gob.es/profesionales/saludPublica/ccayes/alertasActual/nCov/vacunaCovid19.htm,10141949,3768015
Spain,2021-04-23,"Johnson&Johnson, Moderna, Oxford/AstraZeneca, Pfizer/BioNTech",14266251,https://www.mscbs.gob.es/profesionales/saludPublica/ccayes/alertasActual/nCov/vacunaCovid19.htm,10405863,3862789
Spain,2021-04-25,"Johnson&Johnson, Moderna, Oxford/AstraZeneca, Pfizer/BioNTech",14715931,https://www.mscbs.gob.es/profesionales/saludPublica/ccayes/alertasActual/nCov/documentos/Informe_Comunicacion_20210426.ods,10796466,3947465
Spain,2021-04-26,"Johnson&Johnson, Moderna, Oxford/AstraZeneca, Pfizer/BioNTech",14994667,https://www.mscbs.gob.es/profesionales/saludPublica/ccayes/alertasActual/nCov/documentos/Informe_Comunicacion_20210427.ods,11013911,4020945
Spain,2021-04-27,"Johnson&Johnson, Moderna, Oxford/AstraZeneca, Pfizer/BioNTech",15377862,https://www.mscbs.gob.es/profesionales/saludPublica/ccayes/alertasActual/nCov/documentos/Informe_Comunicacion_20210428.ods,11261171,4166758
Spain,2021-04-28,"Johnson&Johnson, Moderna, Oxford/AstraZeneca, Pfizer/BioNTech",15859772,https://www.mscbs.gob.es/profesionales/saludPublica/ccayes/alertasActual/nCov/documentos/Informe_Comunicacion_20210429.ods,11520146,4413784
Spain,2021-04-29,"Johnson&Johnson, Moderna, Oxford/AstraZeneca, Pfizer/BioNTech",16364595,https://www.mscbs.gob.es/profesionales/saludPublica/ccayes/alertasActual/nCov/documentos/Informe_Comunicacion_20210430.ods,11763360,4689766
Spain,2021-05-02,"Johnson&Johnson, Moderna, Oxford/AstraZeneca, Pfizer/BioNTech",17178566,https://www.mscbs.gob.es/profesionales/saludPublica/ccayes/alertasActual/nCov/documentos/Informe_Comunicacion_20210503.ods,12196079,5113598
Spain,2021-05-03,"Johnson&Johnson, Moderna, Oxford/AstraZeneca, Pfizer/BioNTech",17430810,https://www.mscbs.gob.es/profesionales/saludPublica/ccayes/alertasActual/nCov/documentos/Informe_Comunicacion_20210504.ods,12381213,5202297
Spain,2021-05-04,"Johnson&Johnson, Moderna, Oxford/AstraZeneca, Pfizer/BioNTech",17916566,https://www.mscbs.gob.es/profesionales/saludPublica/ccayes/alertasActual/nCov/documentos/Informe_Comunicacion_20210505.ods,12686341,5394315
Spain,2021-05-05,"Johnson&Johnson, Moderna, Oxford/AstraZeneca, Pfizer/BioNTech",18489580,https://www.mscbs.gob.es/profesionales/saludPublica/ccayes/alertasActual/nCov/documentos/Informe_Comunicacion_20210506.ods,12966552,5696827
Spain,2021-05-06,"Johnson&Johnson, Moderna, Oxford/AstraZeneca, Pfizer/BioNTech",19048132,https://www.mscbs.gob.es/profesionales/saludPublica/ccayes/alertasActual/nCov/documentos/Informe_Comunicacion_20210507.ods,13271511,5956451
Spain,2021-05-09,"Johnson&Johnson, Moderna, Oxford/AstraZeneca, Pfizer/BioNTech",19830624,https://www.mscbs.gob.es/profesionales/saludPublica/ccayes/alertasActual/nCov/documentos/Informe_Comunicacion_20210510.ods,13797431,6221476
Spain,2021-05-10,"Johnson&Johnson, Moderna, Oxford/AstraZeneca, Pfizer/BioNTech",20162661,https://www.mscbs.gob.es/profesionales/saludPublica/ccayes/alertasActual/nCov/documentos/Informe_Comunicacion_20210511.ods,14028954,6327447
Spain,2021-05-11,"Johnson&Johnson, Moderna, Oxford/AstraZeneca, Pfizer/BioNTech",20623815,https://www.mscbs.gob.es/profesionales/saludPublica/ccayes/alertasActual/nCov/documentos/Informe_Comunicacion_20210512.ods,14318348,6502978
Spain,2021-05-12,"Johnson&Johnson, Moderna, Oxford/AstraZeneca, Pfizer/BioNTech",21071940,https://www.mscbs.gob.es/profesionales/saludPublica/ccayes/alertasActual/nCov/documentos/Informe_Comunicacion_20210513.ods,14555552,6716156
Spain,2021-05-13,"Johnson&Johnson, Moderna, Oxford/AstraZeneca, Pfizer/BioNTech",21683707,https://www.mscbs.gob.es/profesionales/saludPublica/ccayes/alertasActual/nCov/documentos/Informe_Comunicacion_20210514.ods,14911306,6976683
Spain,2021-05-16,"Johnson&Johnson, Moderna, Oxford/AstraZeneca, Pfizer/BioNTech",22313088,https://www.mscbs.gob.es/profesionales/saludPublica/ccayes/alertasActual/nCov/documentos/Informe_Comunicacion_20210517.ods,15320846,7213716
Spain,2021-05-17,"Johnson&Johnson, Moderna, Oxford/AstraZeneca, Pfizer/BioNTech",22587343,https://www.mscbs.gob.es/profesionales/saludPublica/ccayes/alertasActual/nCov/documentos/Informe_Comunicacion_20210518.ods,15495889,7323426
Spain,2021-05-18,"Johnson&Johnson, Moderna, Oxford/AstraZeneca, Pfizer/BioNTech",22973955,https://www.mscbs.gob.es/profesionales/saludPublica/ccayes/alertasActual/nCov/documentos/Informe_Comunicacion_20210519.ods,15741247,7469173
Spain,2021-05-19,"Johnson&Johnson, Moderna, Oxford/AstraZeneca, Pfizer/BioNTech",23503085,https://www.mscbs.gob.es/profesionales/saludPublica/ccayes/alertasActual/nCov/documentos/Informe_Comunicacion_20210520.ods,16049843,7697288
Spain,2021-05-20,"Johnson&Johnson, Moderna, Oxford/AstraZeneca, Pfizer/BioNTech",23962365,https://www.mscbs.gob.es/profesionales/saludPublica/ccayes/alertasActual/nCov/documentos/Informe_Comunicacion_20210521.ods,16347683,7865313
Spain,2021-05-23,"Johnson&Johnson, Moderna, Oxford/AstraZeneca, Pfizer/BioNTech",24534056,https://www.mscbs.gob.es/profesionales/saludPublica/ccayes/alertasActual/nCov/documentos/Informe_Comunicacion_20210524.ods,16709939,8130648
Spain,2021-05-24,"Johnson&Johnson, Moderna, Oxford/AstraZeneca, Pfizer/BioNTech",24876302,https://www.mscbs.gob.es/profesionales/saludPublica/ccayes/alertasActual/nCov/documentos/Informe_Comunicacion_20210525.ods,16953205,8250814
Spain,2021-05-25,"Johnson&Johnson, Moderna, Oxford/AstraZeneca, Pfizer/BioNTech",25280864,https://www.mscbs.gob.es/profesionales/saludPublica/ccayes/alertasActual/nCov/documentos/Informe_Comunicacion_20210526.ods,17187731,8434233
Spain,2021-05-26,"Johnson&Johnson, Moderna, Oxford/AstraZeneca, Pfizer/BioNTech",25745178,https://www.mscbs.gob.es/profesionales/saludPublica/ccayes/alertasActual/nCov/documentos/Informe_Comunicacion_20210527.ods,17487591,8614678
Spain,2021-05-27,"Johnson&Johnson, Moderna, Oxford/AstraZeneca, Pfizer/BioNTech",26133689,https://www.mscbs.gob.es/profesionales/saludPublica/ccayes/alertasActual/nCov/documentos/Informe_Comunicacion_20210528.ods,17707320,8804363
Spain,2021-05-30,"Johnson&Johnson, Moderna, Oxford/AstraZeneca, Pfizer/BioNTech",26827637,https://www.mscbs.gob.es/profesionales/saludPublica/ccayes/alertasActual/nCov/documentos/Informe_Comunicacion_20210531.ods,18032417,9221285
Spain,2021-05-31,"Johnson&Johnson, Moderna, Oxford/AstraZeneca, Pfizer/BioNTech",27119733,https://www.mscbs.gob.es/profesionales/saludPublica/ccayes/alertasActual/nCov/documentos/Informe_Comunicacion_20210601.ods,18178604,9405245
Spain,2021-06-01,"Johnson&Johnson, Moderna, Oxford/AstraZeneca, Pfizer/BioNTech",27607247,https://www.mscbs.gob.es/profesionales/saludPublica/ccayes/alertasActual/nCov/documentos/Informe_Comunicacion_20210602.ods,18426204,9679187
Spain,2021-06-02,"Johnson&Johnson, Moderna, Oxford/AstraZeneca, Pfizer/BioNTech",28182345,https://www.mscbs.gob.es/profesionales/saludPublica/ccayes/alertasActual/nCov/documentos/Informe_Comunicacion_20210603.ods,18720164,9979204
Spain,2021-06-03,"Johnson&Johnson, Moderna, Oxford/AstraZeneca, Pfizer/BioNTech",28752570,https://www.mscbs.gob.es/profesionales/saludPublica/ccayes/alertasActual/nCov/documentos/Informe_Comunicacion_20210604.ods,19038135,10257209
Spain,2021-06-06,"Johnson&Johnson, Moderna, Oxford/AstraZeneca, Pfizer/BioNTech",30007806,https://www.mscbs.gob.es/profesionales/saludPublica/ccayes/alertasActual/nCov/documentos/Informe_Comunicacion_20210607.ods,19786574,11002869
Spain,2021-06-07,"Johnson&Johnson, Moderna, Oxford/AstraZeneca, Pfizer/BioNTech",30472862,https://www.mscbs.gob.es/profesionales/saludPublica/ccayes/alertasActual/nCov/documentos/Informe_Comunicacion_20210608.ods,20048174,11260175
Spain,2021-06-08,"Johnson&Johnson, Moderna, Oxford/AstraZeneca, Pfizer/BioNTech",31004060,https://www.mscbs.gob.es/profesionales/saludPublica/ccayes/alertasActual/nCov/documentos/Informe_Comunicacion_20210609.ods,20305788,11552393
Spain,2021-06-09,"Johnson&Johnson, Moderna, Oxford/AstraZeneca, Pfizer/BioNTech",31628321,https://www.mscbs.gob.es/profesionales/saludPublica/ccayes/alertasActual/nCov/documentos/Informe_Comunicacion_20210610.ods,20628061,11893951
Spain,2021-06-10,"Johnson&Johnson, Moderna, Oxford/AstraZeneca, Pfizer/BioNTech",32282553,https://www.mscbs.gob.es/profesionales/saludPublica/ccayes/alertasActual/nCov/documentos/Informe_Comunicacion_20210611.ods,20963619,12250002
Spain,2021-06-13,"Johnson&Johnson, Moderna, Oxford/AstraZeneca, Pfizer/BioNTech",33242768,https://www.mscbs.gob.es/profesionales/saludPublica/ccayes/alertasActual/nCov/documentos/Informe_Comunicacion_20210614.ods,21474788,12813055
Spain,2021-06-14,"Johnson&Johnson, Moderna, Oxford/AstraZeneca, Pfizer/BioNTech",33632590,https://www.mscbs.gob.es/profesionales/saludPublica/ccayes/alertasActual/nCov/documentos/Informe_Comunicacion_20210615.ods,21713840,13007371
Spain,2021-06-15,"Johnson&Johnson, Moderna, Oxford/AstraZeneca, Pfizer/BioNTech",34224523,https://www.mscbs.gob.es/profesionales/saludPublica/ccayes/alertasActual/nCov/documentos/Informe_Comunicacion_20210616.ods,22048919,13301010
Spain,2021-06-16,"Johnson&Johnson, Moderna, Oxford/AstraZeneca, Pfizer/BioNTech",34845346,https://www.mscbs.gob.es/profesionales/saludPublica/ccayes/alertasActual/nCov/documentos/Informe_Comunicacion_20210617.ods,22365104,13641091
Spain,2021-06-17,"Johnson&Johnson, Moderna, Oxford/AstraZeneca, Pfizer/BioNTech",35412140,https://www.mscbs.gob.es/profesionales/saludPublica/ccayes/alertasActual/nCov/documentos/Informe_Comunicacion_20210618.ods,22684911,13939564
Spain,2021-06-20,"Johnson&Johnson, Moderna, Oxford/AstraZeneca, Pfizer/BioNTech",36357745,https://www.mscbs.gob.es/profesionales/saludPublica/ccayes/alertasActual/nCov/documentos/Informe_Comunicacion_20210621.ods,23200566,14431683
Spain,2021-06-21,"Johnson&Johnson, Moderna, Oxford/AstraZeneca, Pfizer/BioNTech",36880086,https://www.mscbs.gob.es/profesionales/saludPublica/ccayes/alertasActual/nCov/documentos/Informe_Comunicacion_20210622.ods,23443444,14745736
Spain,2021-06-22,"Johnson&Johnson, Moderna, Oxford/AstraZeneca, Pfizer/BioNTech",37560626,https://www.mscbs.gob.es/profesionales/saludPublica/ccayes/alertasActual/nCov/documentos/Informe_Comunicacion_20210623.ods,23772029,15138439
Spain,2021-06-23,"Johnson&Johnson, Moderna, Oxford/AstraZeneca, Pfizer/BioNTech",38293871,https://www.mscbs.gob.es/profesionales/saludPublica/ccayes/alertasActual/nCov/documentos/Informe_Comunicacion_20210624.ods,24079429,15602526
Spain,2021-06-24,"Johnson&Johnson, Moderna, Oxford/AstraZeneca, Pfizer/BioNTech",38808490,https://www.mscbs.gob.es/profesionales/saludPublica/ccayes/alertasActual/nCov/documentos/Informe_Comunicacion_20210625.ods,24325902,15894800
Spain,2021-06-27,"Johnson&Johnson, Moderna, Oxford/AstraZeneca, Pfizer/BioNTech",39914204,https://www.mscbs.gob.es/profesionales/saludPublica/ccayes/alertasActual/nCov/documentos/Informe_Comunicacion_20210628.ods,24792784,16609913
Spain,2021-06-28,"Johnson&Johnson, Moderna, Oxford/AstraZeneca, Pfizer/BioNTech",40565038,https://www.mscbs.gob.es/profesionales/saludPublica/ccayes/alertasActual/nCov/documentos/Informe_Comunicacion_20210629.ods,25007416,17088342
Spain,2021-06-29,"Johnson&Johnson, Moderna, Oxford/AstraZeneca, Pfizer/BioNTech",41279995,https://www.mscbs.gob.es/profesionales/saludPublica/ccayes/alertasActual/nCov/documentos/Informe_Comunicacion_20210630.ods,25320606,17519587
Spain,2021-06-30,"Johnson&Johnson, Moderna, Oxford/AstraZeneca, Pfizer/BioNTech",42027584,https://www.mscbs.gob.es/profesionales/saludPublica/ccayes/alertasActual/nCov/documentos/Informe_Comunicacion_20210701.ods,25627278,17990526
Spain,2021-07-01,"Johnson&Johnson, Moderna, Oxford/AstraZeneca, Pfizer/BioNTech",42792983,https://www.mscbs.gob.es/profesionales/saludPublica/ccayes/alertasActual/nCov/documentos/Informe_Comunicacion_20210702.ods,25948237,18466362
Spain,2021-07-04,"Johnson&Johnson, Moderna, Oxford/AstraZeneca, Pfizer/BioNTech",43959621,https://www.mscbs.gob.es/profesionales/saludPublica/ccayes/alertasActual/nCov/documentos/Informe_Comunicacion_20210705.ods,26505676,19135448
Spain,2021-07-05,"Johnson&Johnson, Moderna, Oxford/AstraZeneca, Pfizer/BioNTech",44544324,https://www.mscbs.gob.es/profesionales/saludPublica/ccayes/alertasActual/nCov/documentos/Informe_Comunicacion_20210706.ods,26727529,19530228
Spain,2021-07-06,"Johnson&Johnson, Moderna, Oxford/AstraZeneca, Pfizer/BioNTech",45233735,https://www.mscbs.gob.es/profesionales/saludPublica/ccayes/alertasActual/nCov/documentos/Informe_Comunicacion_20210707.ods,26996373,19982080
Spain,2021-07-07,"Johnson&Johnson, Moderna, Oxford/AstraZeneca, Pfizer/BioNTech",45924484,https://www.mscbs.gob.es/profesionales/saludPublica/ccayes/alertasActual/nCov/documentos/Informe_Comunicacion_20210708.ods,27277127,20528505
Spain,2021-07-08,"Johnson&Johnson, Moderna, Oxford/AstraZeneca, Pfizer/BioNTech",46612489,https://www.mscbs.gob.es/profesionales/saludPublica/ccayes/alertasActual/nCov/documentos/Informe_Comunicacion_20210709.ods,27534723,20999346
Spain,2021-07-11,"Johnson&Johnson, Moderna, Oxford/AstraZeneca, Pfizer/BioNTech",47777316,https://www.mscbs.gob.es/profesionales/saludPublica/ccayes/alertasActual/nCov/documentos/Informe_Comunicacion_20210712.ods,27994332,21789996
Spain,2021-07-12,"Johnson&Johnson, Moderna, Oxford/AstraZeneca, Pfizer/BioNTech",48315430,https://www.mscbs.gob.es/profesionales/saludPublica/ccayes/alertasActual/nCov/documentos/Informe_Comunicacion_20210713.ods,28216249,22139864
Spain,2021-07-13,"Johnson&Johnson, Moderna, Oxford/AstraZeneca, Pfizer/BioNTech",48911460,https://www.mscbs.gob.es/profesionales/saludPublica/ccayes/alertasActual/nCov/documentos/Informe_Comunicacion_20210714.ods,28475900,22511734
