location,date,vaccine,source_url,total_vaccinations,people_vaccinated,people_fully_vaccinated,total_boosters
Liechtenstein,2020-12-22,Pfizer/BioNTech,https://opendata.swiss/en/dataset/covid-19-schweiz?detGeo=FL,0,0,0,
Liechtenstein,2020-12-23,Pfizer/BioNTech,https://opendata.swiss/en/dataset/covid-19-schweiz?detGeo=FL,0,0,0,
Liechtenstein,2020-12-24,Pfizer/BioNTech,https://opendata.swiss/en/dataset/covid-19-schweiz?detGeo=FL,0,0,0,
Liechtenstein,2020-12-25,Pfizer/BioNTech,https://opendata.swiss/en/dataset/covid-19-schweiz?detGeo=FL,0,0,0,
Liechtenstein,2020-12-26,Pfizer/BioNTech,https://opendata.swiss/en/dataset/covid-19-schweiz?detGeo=FL,0,0,0,
Liechtenstein,2020-12-27,Pfizer/BioNTech,https://opendata.swiss/en/dataset/covid-19-schweiz?detGeo=FL,0,0,0,
Liechtenstein,2020-12-28,Pfizer/BioNTech,https://opendata.swiss/en/dataset/covid-19-schweiz?detGeo=FL,0,0,0,
Liechtenstein,2020-12-29,Pfizer/BioNTech,https://opendata.swiss/en/dataset/covid-19-schweiz?detGeo=FL,0,0,0,
Liechtenstein,2020-12-30,Pfizer/BioNTech,https://opendata.swiss/en/dataset/covid-19-schweiz?detGeo=FL,0,0,0,
Liechtenstein,2020-12-31,Pfizer/BioNTech,https://opendata.swiss/en/dataset/covid-19-schweiz?detGeo=FL,0,0,0,
Liechtenstein,2021-01-01,Pfizer/BioNTech,https://opendata.swiss/en/dataset/covid-19-schweiz?detGeo=FL,0,0,0,
Liechtenstein,2021-01-02,Pfizer/BioNTech,https://opendata.swiss/en/dataset/covid-19-schweiz?detGeo=FL,0,0,0,
Liechtenstein,2021-01-03,Pfizer/BioNTech,https://opendata.swiss/en/dataset/covid-19-schweiz?detGeo=FL,0,0,0,
Liechtenstein,2021-01-04,Pfizer/BioNTech,https://opendata.swiss/en/dataset/covid-19-schweiz?detGeo=FL,2,2,0,
Liechtenstein,2021-01-05,Pfizer/BioNTech,https://opendata.swiss/en/dataset/covid-19-schweiz?detGeo=FL,2,2,0,
Liechtenstein,2021-01-06,Pfizer/BioNTech,https://opendata.swiss/en/dataset/covid-19-schweiz?detGeo=FL,5,5,0,
Liechtenstein,2021-01-07,Pfizer/BioNTech,https://opendata.swiss/en/dataset/covid-19-schweiz?detGeo=FL,6,6,0,
Liechtenstein,2021-01-08,Pfizer/BioNTech,https://opendata.swiss/en/dataset/covid-19-schweiz?detGeo=FL,6,6,0,
Liechtenstein,2021-01-09,Pfizer/BioNTech,https://opendata.swiss/en/dataset/covid-19-schweiz?detGeo=FL,6,6,0,
Liechtenstein,2021-01-10,Pfizer/BioNTech,https://opendata.swiss/en/dataset/covid-19-schweiz?detGeo=FL,6,6,0,
Liechtenstein,2021-01-11,Pfizer/BioNTech,https://opendata.swiss/en/dataset/covid-19-schweiz?detGeo=FL,7,7,0,
Liechtenstein,2021-01-12,Pfizer/BioNTech,https://opendata.swiss/en/dataset/covid-19-schweiz?detGeo=FL,17,17,0,
Liechtenstein,2021-01-13,Pfizer/BioNTech,https://opendata.swiss/en/dataset/covid-19-schweiz?detGeo=FL,17,17,0,
Liechtenstein,2021-01-14,Pfizer/BioNTech,https://opendata.swiss/en/dataset/covid-19-schweiz?detGeo=FL,23,23,0,
Liechtenstein,2021-01-15,Pfizer/BioNTech,https://opendata.swiss/en/dataset/covid-19-schweiz?detGeo=FL,44,44,0,
Liechtenstein,2021-01-16,Pfizer/BioNTech,https://opendata.swiss/en/dataset/covid-19-schweiz?detGeo=FL,46,46,0,
Liechtenstein,2021-01-17,Pfizer/BioNTech,https://opendata.swiss/en/dataset/covid-19-schweiz?detGeo=FL,46,46,0,
Liechtenstein,2021-01-18,Pfizer/BioNTech,https://opendata.swiss/en/dataset/covid-19-schweiz?detGeo=FL,125,125,0,
Liechtenstein,2021-01-19,Pfizer/BioNTech,https://opendata.swiss/en/dataset/covid-19-schweiz?detGeo=FL,210,210,0,
Liechtenstein,2021-01-20,Pfizer/BioNTech,https://opendata.swiss/en/dataset/covid-19-schweiz?detGeo=FL,263,263,0,
Liechtenstein,2021-01-21,Pfizer/BioNTech,https://opendata.swiss/en/dataset/covid-19-schweiz?detGeo=FL,321,321,0,
Liechtenstein,2021-01-22,Pfizer/BioNTech,https://opendata.swiss/en/dataset/covid-19-schweiz?detGeo=FL,374,374,0,
Liechtenstein,2021-01-23,Pfizer/BioNTech,https://opendata.swiss/en/dataset/covid-19-schweiz?detGeo=FL,379,379,0,
Liechtenstein,2021-01-24,Pfizer/BioNTech,https://opendata.swiss/en/dataset/covid-19-schweiz?detGeo=FL,379,379,0,
Liechtenstein,2021-01-25,Pfizer/BioNTech,https://opendata.swiss/en/dataset/covid-19-schweiz?detGeo=FL,451,451,0,
Liechtenstein,2021-01-26,Pfizer/BioNTech,https://opendata.swiss/en/dataset/covid-19-schweiz?detGeo=FL,526,526,0,
Liechtenstein,2021-01-27,Pfizer/BioNTech,https://opendata.swiss/en/dataset/covid-19-schweiz?detGeo=FL,535,535,0,
Liechtenstein,2021-01-28,Pfizer/BioNTech,https://opendata.swiss/en/dataset/covid-19-schweiz?detGeo=FL,651,624,0,
Liechtenstein,2021-01-29,"Moderna, Pfizer/BioNTech",https://opendata.swiss/en/dataset/covid-19-schweiz?detGeo=FL,841,732,0,
Liechtenstein,2021-01-30,"Moderna, Pfizer/BioNTech",https://opendata.swiss/en/dataset/covid-19-schweiz?detGeo=FL,841,732,0,
Liechtenstein,2021-01-31,"Moderna, Pfizer/BioNTech",https://opendata.swiss/en/dataset/covid-19-schweiz?detGeo=FL,841,732,0,
Liechtenstein,2021-02-01,"Moderna, Pfizer/BioNTech",https://opendata.swiss/en/dataset/covid-19-schweiz?detGeo=FL,841,734,1,
Liechtenstein,2021-02-02,"Moderna, Pfizer/BioNTech",https://opendata.swiss/en/dataset/covid-19-schweiz?detGeo=FL,841,751,5,
Liechtenstein,2021-02-03,"Moderna, Pfizer/BioNTech",https://opendata.swiss/en/dataset/covid-19-schweiz?detGeo=FL,846,755,9,
Liechtenstein,2021-02-04,"Moderna, Pfizer/BioNTech",https://opendata.swiss/en/dataset/covid-19-schweiz?detGeo=FL,846,796,10,
Liechtenstein,2021-02-05,"Moderna, Pfizer/BioNTech",https://opendata.swiss/en/dataset/covid-19-schweiz?detGeo=FL,846,807,33,
Liechtenstein,2021-02-06,"Moderna, Pfizer/BioNTech",https://opendata.swiss/en/dataset/covid-19-schweiz?detGeo=FL,846,807,33,
Liechtenstein,2021-02-07,"Moderna, Pfizer/BioNTech",https://opendata.swiss/en/dataset/covid-19-schweiz?detGeo=FL,846,807,33,
Liechtenstein,2021-02-08,"Moderna, Pfizer/BioNTech",https://opendata.swiss/en/dataset/covid-19-schweiz?detGeo=FL,951,809,113,
Liechtenstein,2021-02-09,"Moderna, Pfizer/BioNTech",https://opendata.swiss/en/dataset/covid-19-schweiz?detGeo=FL,1026,811,192,
Liechtenstein,2021-02-10,"Moderna, Pfizer/BioNTech",https://opendata.swiss/en/dataset/covid-19-schweiz?detGeo=FL,1079,818,241,
Liechtenstein,2021-02-11,"Moderna, Pfizer/BioNTech",https://opendata.swiss/en/dataset/covid-19-schweiz?detGeo=FL,1144,822,298,
Liechtenstein,2021-02-12,"Moderna, Pfizer/BioNTech",https://opendata.swiss/en/dataset/covid-19-schweiz?detGeo=FL,1174,825,346,
Liechtenstein,2021-02-13,"Moderna, Pfizer/BioNTech",https://opendata.swiss/en/dataset/covid-19-schweiz?detGeo=FL,1174,825,346,
Liechtenstein,2021-02-14,"Moderna, Pfizer/BioNTech",https://opendata.swiss/en/dataset/covid-19-schweiz?detGeo=FL,1174,825,346,
Liechtenstein,2021-02-15,"Moderna, Pfizer/BioNTech",https://opendata.swiss/en/dataset/covid-19-schweiz?detGeo=FL,1249,827,412,
Liechtenstein,2021-02-16,"Moderna, Pfizer/BioNTech",https://opendata.swiss/en/dataset/covid-19-schweiz?detGeo=FL,1494,1029,467,
Liechtenstein,2021-02-17,"Moderna, Pfizer/BioNTech",https://opendata.swiss/en/dataset/covid-19-schweiz?detGeo=FL,1695,1228,468,
Liechtenstein,2021-02-18,"Moderna, Pfizer/BioNTech",https://opendata.swiss/en/dataset/covid-19-schweiz?detGeo=FL,1815,1355,470,
Liechtenstein,2021-02-19,"Moderna, Pfizer/BioNTech",https://opendata.swiss/en/dataset/covid-19-schweiz?detGeo=FL,1815,1358,506,
Liechtenstein,2021-02-20,"Moderna, Pfizer/BioNTech",https://opendata.swiss/en/dataset/covid-19-schweiz?detGeo=FL,1815,1358,506,
Liechtenstein,2021-02-21,"Moderna, Pfizer/BioNTech",https://opendata.swiss/en/dataset/covid-19-schweiz?detGeo=FL,1815,1358,506,
Liechtenstein,2021-02-22,"Moderna, Pfizer/BioNTech",https://opendata.swiss/en/dataset/covid-19-schweiz?detGeo=FL,2018,1561,506,
Liechtenstein,2021-02-23,"Moderna, Pfizer/BioNTech",https://opendata.swiss/en/dataset/covid-19-schweiz?detGeo=FL,2222,1766,525,
Liechtenstein,2021-02-24,"Moderna, Pfizer/BioNTech",https://opendata.swiss/en/dataset/covid-19-schweiz?detGeo=FL,2222,1766,531,
Liechtenstein,2021-02-25,"Moderna, Pfizer/BioNTech",https://opendata.swiss/en/dataset/covid-19-schweiz?detGeo=FL,2411,1775,611,
Liechtenstein,2021-02-26,"Moderna, Pfizer/BioNTech",https://opendata.swiss/en/dataset/covid-19-schweiz?detGeo=FL,2601,1775,736,
Liechtenstein,2021-02-27,"Moderna, Pfizer/BioNTech",https://opendata.swiss/en/dataset/covid-19-schweiz?detGeo=FL,2601,1775,736,
Liechtenstein,2021-02-28,"Moderna, Pfizer/BioNTech",https://opendata.swiss/en/dataset/covid-19-schweiz?detGeo=FL,2601,1775,736,
Liechtenstein,2021-03-01,"Moderna, Pfizer/BioNTech",https://opendata.swiss/en/dataset/covid-19-schweiz?detGeo=FL,2601,1778,737,
Liechtenstein,2021-03-02,"Moderna, Pfizer/BioNTech",https://opendata.swiss/en/dataset/covid-19-schweiz?detGeo=FL,2601,1782,753,
Liechtenstein,2021-03-03,"Moderna, Pfizer/BioNTech",https://opendata.swiss/en/dataset/covid-19-schweiz?detGeo=FL,2723,1905,763,
Liechtenstein,2021-03-04,"Moderna, Pfizer/BioNTech",https://opendata.swiss/en/dataset/covid-19-schweiz?detGeo=FL,2919,2106,772,
Liechtenstein,2021-03-05,"Moderna, Pfizer/BioNTech",https://opendata.swiss/en/dataset/covid-19-schweiz?detGeo=FL,3128,2315,775,
Liechtenstein,2021-03-06,"Moderna, Pfizer/BioNTech",https://opendata.swiss/en/dataset/covid-19-schweiz?detGeo=FL,3128,2316,778,
Liechtenstein,2021-03-07,"Moderna, Pfizer/BioNTech",https://opendata.swiss/en/dataset/covid-19-schweiz?detGeo=FL,3128,2316,778,
Liechtenstein,2021-03-08,"Moderna, Pfizer/BioNTech",https://opendata.swiss/en/dataset/covid-19-schweiz?detGeo=FL,3128,2316,783,
Liechtenstein,2021-03-09,"Moderna, Pfizer/BioNTech",https://opendata.swiss/en/dataset/covid-19-schweiz?detGeo=FL,3339,2528,786,
Liechtenstein,2021-03-10,"Moderna, Pfizer/BioNTech",https://opendata.swiss/en/dataset/covid-19-schweiz?detGeo=FL,3540,2733,788,
Liechtenstein,2021-03-11,"Moderna, Pfizer/BioNTech",https://opendata.swiss/en/dataset/covid-19-schweiz?detGeo=FL,3779,2975,797,
Liechtenstein,2021-03-12,"Moderna, Pfizer/BioNTech",https://opendata.swiss/en/dataset/covid-19-schweiz?detGeo=FL,3779,2975,799,
Liechtenstein,2021-03-13,"Moderna, Pfizer/BioNTech",https://opendata.swiss/en/dataset/covid-19-schweiz?detGeo=FL,3779,2975,799,
Liechtenstein,2021-03-14,"Moderna, Pfizer/BioNTech",https://opendata.swiss/en/dataset/covid-19-schweiz?detGeo=FL,3779,2975,799,
Liechtenstein,2021-03-15,"Moderna, Pfizer/BioNTech",https://opendata.swiss/en/dataset/covid-19-schweiz?detGeo=FL,3789,2986,802,
Liechtenstein,2021-03-16,"Moderna, Pfizer/BioNTech",https://opendata.swiss/en/dataset/covid-19-schweiz?detGeo=FL,4004,3007,1002,
Liechtenstein,2021-03-17,"Moderna, Pfizer/BioNTech",https://opendata.swiss/en/dataset/covid-19-schweiz?detGeo=FL,4236,3041,1218,
Liechtenstein,2021-03-18,"Moderna, Pfizer/BioNTech",https://opendata.swiss/en/dataset/covid-19-schweiz?detGeo=FL,4366,3059,1345,
Liechtenstein,2021-03-19,"Moderna, Pfizer/BioNTech",https://opendata.swiss/en/dataset/covid-19-schweiz?detGeo=FL,4366,3060,1348,
Liechtenstein,2021-03-20,"Moderna, Pfizer/BioNTech",https://opendata.swiss/en/dataset/covid-19-schweiz?detGeo=FL,4366,3060,1348,
Liechtenstein,2021-03-21,"Moderna, Pfizer/BioNTech",https://opendata.swiss/en/dataset/covid-19-schweiz?detGeo=FL,4366,3060,1348,
Liechtenstein,2021-03-22,"Moderna, Pfizer/BioNTech",https://opendata.swiss/en/dataset/covid-19-schweiz?detGeo=FL,4569,3063,1550,
Liechtenstein,2021-03-23,"Moderna, Pfizer/BioNTech",https://opendata.swiss/en/dataset/covid-19-schweiz?detGeo=FL,4772,3076,1749,
Liechtenstein,2021-03-24,"Moderna, Pfizer/BioNTech",https://opendata.swiss/en/dataset/covid-19-schweiz?detGeo=FL,5011,3321,1750,
Liechtenstein,2021-03-25,"Moderna, Pfizer/BioNTech",https://opendata.swiss/en/dataset/covid-19-schweiz?detGeo=FL,5251,3562,1752,
Liechtenstein,2021-03-26,"Moderna, Pfizer/BioNTech",https://opendata.swiss/en/dataset/covid-19-schweiz?detGeo=FL,5490,3804,1754,
Liechtenstein,2021-03-27,"Moderna, Pfizer/BioNTech",https://opendata.swiss/en/dataset/covid-19-schweiz?detGeo=FL,5490,3804,1754,
Liechtenstein,2021-03-28,"Moderna, Pfizer/BioNTech",https://opendata.swiss/en/dataset/covid-19-schweiz?detGeo=FL,5490,3804,1754,
Liechtenstein,2021-03-29,"Moderna, Pfizer/BioNTech",https://opendata.swiss/en/dataset/covid-19-schweiz?detGeo=FL,5729,4047,1758,
Liechtenstein,2021-03-30,"Moderna, Pfizer/BioNTech",https://opendata.swiss/en/dataset/covid-19-schweiz?detGeo=FL,5979,4291,1769,
Liechtenstein,2021-03-31,"Moderna, Pfizer/BioNTech",https://opendata.swiss/en/dataset/covid-19-schweiz?detGeo=FL,6101,4295,1889,
Liechtenstein,2021-04-01,"Moderna, Pfizer/BioNTech",https://opendata.swiss/en/dataset/covid-19-schweiz?detGeo=FL,6298,4297,2088,
Liechtenstein,2021-04-02,"Moderna, Pfizer/BioNTech",https://opendata.swiss/en/dataset/covid-19-schweiz?detGeo=FL,6504,4299,2289,
Liechtenstein,2021-04-03,"Moderna, Pfizer/BioNTech",https://opendata.swiss/en/dataset/covid-19-schweiz?detGeo=FL,6504,4299,2289,
Liechtenstein,2021-04-04,"Moderna, Pfizer/BioNTech",https://opendata.swiss/en/dataset/covid-19-schweiz?detGeo=FL,6504,4299,2289,
Liechtenstein,2021-04-05,"Moderna, Pfizer/BioNTech",https://opendata.swiss/en/dataset/covid-19-schweiz?detGeo=FL,6504,4299,2289,
Liechtenstein,2021-04-06,"Moderna, Pfizer/BioNTech",https://opendata.swiss/en/dataset/covid-19-schweiz?detGeo=FL,6714,4302,2500,
Liechtenstein,2021-04-07,"Moderna, Pfizer/BioNTech",https://opendata.swiss/en/dataset/covid-19-schweiz?detGeo=FL,6914,4302,2700,
Liechtenstein,2021-04-08,"Moderna, Pfizer/BioNTech",https://opendata.swiss/en/dataset/covid-19-schweiz?detGeo=FL,7154,4307,2945,
Liechtenstein,2021-04-09,"Moderna, Pfizer/BioNTech",https://opendata.swiss/en/dataset/covid-19-schweiz?detGeo=FL,7414,4545,2945,
Liechtenstein,2021-04-10,"Moderna, Pfizer/BioNTech",https://opendata.swiss/en/dataset/covid-19-schweiz?detGeo=FL,7414,4550,2946,
Liechtenstein,2021-04-11,"Moderna, Pfizer/BioNTech",https://opendata.swiss/en/dataset/covid-19-schweiz?detGeo=FL,7414,4550,2946,
Liechtenstein,2021-04-12,"Moderna, Pfizer/BioNTech",https://opendata.swiss/en/dataset/covid-19-schweiz?detGeo=FL,7693,4817,2957,
Liechtenstein,2021-04-13,"Moderna, Pfizer/BioNTech",https://opendata.swiss/en/dataset/covid-19-schweiz?detGeo=FL,7968,5077,2972,
Liechtenstein,2021-04-14,"Moderna, Pfizer/BioNTech",https://opendata.swiss/en/dataset/covid-19-schweiz?detGeo=FL,8275,5366,3006,
Liechtenstein,2021-04-15,"Moderna, Pfizer/BioNTech",https://opendata.swiss/en/dataset/covid-19-schweiz?detGeo=FL,8572,5656,3023,
Liechtenstein,2021-04-16,"Moderna, Pfizer/BioNTech",https://opendata.swiss/en/dataset/covid-19-schweiz?detGeo=FL,8860,5946,3026,
Liechtenstein,2021-04-17,"Moderna, Pfizer/BioNTech",https://opendata.swiss/en/dataset/covid-19-schweiz?detGeo=FL,8860,5946,3029,
Liechtenstein,2021-04-18,"Moderna, Pfizer/BioNTech",https://opendata.swiss/en/dataset/covid-19-schweiz?detGeo=FL,8860,5946,3029,
Liechtenstein,2021-04-19,"Moderna, Pfizer/BioNTech",https://opendata.swiss/en/dataset/covid-19-schweiz?detGeo=FL,9418,6498,3039,
Liechtenstein,2021-04-20,"Moderna, Pfizer/BioNTech",https://opendata.swiss/en/dataset/covid-19-schweiz?detGeo=FL,9959,7041,3041,
Liechtenstein,2021-04-21,"Moderna, Pfizer/BioNTech",https://opendata.swiss/en/dataset/covid-19-schweiz?detGeo=FL,10457,7302,3280,
Liechtenstein,2021-04-22,"Moderna, Pfizer/BioNTech",https://opendata.swiss/en/dataset/covid-19-schweiz?detGeo=FL,10960,7574,3528,
Liechtenstein,2021-04-23,"Moderna, Pfizer/BioNTech",https://opendata.swiss/en/dataset/covid-19-schweiz?detGeo=FL,11457,7839,3763,
Liechtenstein,2021-04-24,"Moderna, Pfizer/BioNTech",https://opendata.swiss/en/dataset/covid-19-schweiz?detGeo=FL,11457,7841,3764,
Liechtenstein,2021-04-25,"Moderna, Pfizer/BioNTech",https://opendata.swiss/en/dataset/covid-19-schweiz?detGeo=FL,11457,7841,3764,
Liechtenstein,2021-04-26,"Moderna, Pfizer/BioNTech",https://opendata.swiss/en/dataset/covid-19-schweiz?detGeo=FL,11697,7845,4004,
Liechtenstein,2021-04-27,"Moderna, Pfizer/BioNTech",https://opendata.swiss/en/dataset/covid-19-schweiz?detGeo=FL,11946,7864,4234,
Liechtenstein,2021-04-28,"Moderna, Pfizer/BioNTech",https://opendata.swiss/en/dataset/covid-19-schweiz?detGeo=FL,12219,8139,4237,
Liechtenstein,2021-04-29,"Moderna, Pfizer/BioNTech",https://opendata.swiss/en/dataset/covid-19-schweiz?detGeo=FL,12488,8410,4245,
Liechtenstein,2021-04-30,"Moderna, Pfizer/BioNTech",https://opendata.swiss/en/dataset/covid-19-schweiz?detGeo=FL,12998,8914,4255,
Liechtenstein,2021-05-01,"Moderna, Pfizer/BioNTech",https://opendata.swiss/en/dataset/covid-19-schweiz?detGeo=FL,12998,8914,4255,
Liechtenstein,2021-05-02,"Moderna, Pfizer/BioNTech",https://opendata.swiss/en/dataset/covid-19-schweiz?detGeo=FL,12998,8914,4255,
Liechtenstein,2021-05-03,"Moderna, Pfizer/BioNTech",https://opendata.swiss/en/dataset/covid-19-schweiz?detGeo=FL,13277,9192,4255,
Liechtenstein,2021-05-04,"Moderna, Pfizer/BioNTech",https://opendata.swiss/en/dataset/covid-19-schweiz?detGeo=FL,13549,9464,4255,
Liechtenstein,2021-05-05,"Moderna, Pfizer/BioNTech",https://opendata.swiss/en/dataset/covid-19-schweiz?detGeo=FL,13829,9742,4258,
Liechtenstein,2021-05-06,"Moderna, Pfizer/BioNTech",https://opendata.swiss/en/dataset/covid-19-schweiz?detGeo=FL,14109,10022,4265,
Liechtenstein,2021-05-07,"Moderna, Pfizer/BioNTech",https://opendata.swiss/en/dataset/covid-19-schweiz?detGeo=FL,14369,10028,4497,
Liechtenstein,2021-05-08,"Moderna, Pfizer/BioNTech",https://opendata.swiss/en/dataset/covid-19-schweiz?detGeo=FL,14369,10031,4500,
Liechtenstein,2021-05-09,"Moderna, Pfizer/BioNTech",https://opendata.swiss/en/dataset/covid-19-schweiz?detGeo=FL,14369,10031,4500,
Liechtenstein,2021-05-10,"Moderna, Pfizer/BioNTech",https://opendata.swiss/en/dataset/covid-19-schweiz?detGeo=FL,14929,10329,4763,
Liechtenstein,2021-05-11,"Moderna, Pfizer/BioNTech",https://opendata.swiss/en/dataset/covid-19-schweiz?detGeo=FL,15469,10615,5021,
Liechtenstein,2021-05-12,"Moderna, Pfizer/BioNTech",https://opendata.swiss/en/dataset/covid-19-schweiz?detGeo=FL,15765,10625,5311,
Liechtenstein,2021-05-13,"Moderna, Pfizer/BioNTech",https://opendata.swiss/en/dataset/covid-19-schweiz?detGeo=FL,16051,10630,5589,
Liechtenstein,2021-05-14,"Moderna, Pfizer/BioNTech",https://opendata.swiss/en/dataset/covid-19-schweiz?detGeo=FL,16333,10637,5867,
Liechtenstein,2021-05-15,"Moderna, Pfizer/BioNTech",https://opendata.swiss/en/dataset/covid-19-schweiz?detGeo=FL,16333,10641,5867,
Liechtenstein,2021-05-16,"Moderna, Pfizer/BioNTech",https://opendata.swiss/en/dataset/covid-19-schweiz?detGeo=FL,16333,10641,5869,
Liechtenstein,2021-05-17,"Moderna, Pfizer/BioNTech",https://opendata.swiss/en/dataset/covid-19-schweiz?detGeo=FL,16892,10656,6416,
Liechtenstein,2021-05-18,"Moderna, Pfizer/BioNTech",https://opendata.swiss/en/dataset/covid-19-schweiz?detGeo=FL,17437,10664,6956,
Liechtenstein,2021-05-19,"Moderna, Pfizer/BioNTech",https://opendata.swiss/en/dataset/covid-19-schweiz?detGeo=FL,17978,10944,7216,
Liechtenstein,2021-05-20,"Moderna, Pfizer/BioNTech",https://opendata.swiss/en/dataset/covid-19-schweiz?detGeo=FL,18520,11230,7477,
Liechtenstein,2021-05-21,"Moderna, Pfizer/BioNTech",https://opendata.swiss/en/dataset/covid-19-schweiz?detGeo=FL,19078,11527,7740,
Liechtenstein,2021-05-22,"Moderna, Pfizer/BioNTech",https://opendata.swiss/en/dataset/covid-19-schweiz?detGeo=FL,19078,11527,7741,
Liechtenstein,2021-05-23,"Moderna, Pfizer/BioNTech",https://opendata.swiss/en/dataset/covid-19-schweiz?detGeo=FL,19078,11527,7741,
Liechtenstein,2021-05-24,"Moderna, Pfizer/BioNTech",https://opendata.swiss/en/dataset/covid-19-schweiz?detGeo=FL,19078,11527,7741,
Liechtenstein,2021-05-25,"Moderna, Pfizer/BioNTech",https://opendata.swiss/en/dataset/covid-19-schweiz?detGeo=FL,19637,12088,7746,
Liechtenstein,2021-05-26,"Moderna, Pfizer/BioNTech",https://opendata.swiss/en/dataset/covid-19-schweiz?detGeo=FL,20184,12373,8017,
Liechtenstein,2021-05-27,"Moderna, Pfizer/BioNTech",https://opendata.swiss/en/dataset/covid-19-schweiz?detGeo=FL,20752,12672,8301,
Liechtenstein,2021-05-28,"Moderna, Pfizer/BioNTech",https://opendata.swiss/en/dataset/covid-19-schweiz?detGeo=FL,21281,12683,8815,
Liechtenstein,2021-05-29,"Moderna, Pfizer/BioNTech",https://opendata.swiss/en/dataset/covid-19-schweiz?detGeo=FL,21281,12683,8816,
Liechtenstein,2021-05-30,"Moderna, Pfizer/BioNTech",https://opendata.swiss/en/dataset/covid-19-schweiz?detGeo=FL,21281,12683,8816,
Liechtenstein,2021-05-31,"Moderna, Pfizer/BioNTech",https://opendata.swiss/en/dataset/covid-19-schweiz?detGeo=FL,21836,12958,9097,
Liechtenstein,2021-06-01,"Moderna, Pfizer/BioNTech",https://opendata.swiss/en/dataset/covid-19-schweiz?detGeo=FL,22385,13245,9360,
Liechtenstein,2021-06-02,"Moderna, Pfizer/BioNTech",https://opendata.swiss/en/dataset/covid-19-schweiz?detGeo=FL,22944,13537,9630,
Liechtenstein,2021-06-03,"Moderna, Pfizer/BioNTech",https://opendata.swiss/en/dataset/covid-19-schweiz?detGeo=FL,23494,13823,9898,
Liechtenstein,2021-06-04,"Moderna, Pfizer/BioNTech",https://opendata.swiss/en/dataset/covid-19-schweiz?detGeo=FL,24054,14380,9906,
Liechtenstein,2021-06-05,"Moderna, Pfizer/BioNTech",https://opendata.swiss/en/dataset/covid-19-schweiz?detGeo=FL,24054,14381,9907,
Liechtenstein,2021-06-06,"Moderna, Pfizer/BioNTech",https://opendata.swiss/en/dataset/covid-19-schweiz?detGeo=FL,24054,14381,9907,
Liechtenstein,2021-06-07,"Moderna, Pfizer/BioNTech",https://opendata.swiss/en/dataset/covid-19-schweiz?detGeo=FL,24634,14665,10207,
Liechtenstein,2021-06-08,"Moderna, Pfizer/BioNTech",https://opendata.swiss/en/dataset/covid-19-schweiz?detGeo=FL,25212,14955,10496,
Liechtenstein,2021-06-09,"Moderna, Pfizer/BioNTech",https://opendata.swiss/en/dataset/covid-19-schweiz?detGeo=FL,25780,15524,10498,
Liechtenstein,2021-06-10,"Moderna, Pfizer/BioNTech",https://opendata.swiss/en/dataset/covid-19-schweiz?detGeo=FL,26350,16086,10508,
Liechtenstein,2021-06-11,"Moderna, Pfizer/BioNTech",https://opendata.swiss/en/dataset/covid-19-schweiz?detGeo=FL,26928,16629,10542,
Liechtenstein,2021-06-12,"Moderna, Pfizer/BioNTech",https://opendata.swiss/en/dataset/covid-19-schweiz?detGeo=FL,26928,16629,10545,
Liechtenstein,2021-06-13,"Moderna, Pfizer/BioNTech",https://opendata.swiss/en/dataset/covid-19-schweiz?detGeo=FL,26928,16629,10545,
Liechtenstein,2021-06-14,"Moderna, Pfizer/BioNTech",https://opendata.swiss/en/dataset/covid-19-schweiz?detGeo=FL,27489,17184,10557,
Liechtenstein,2021-06-15,"Moderna, Pfizer/BioNTech",https://opendata.swiss/en/dataset/covid-19-schweiz?detGeo=FL,28046,17742,10561,
Liechtenstein,2021-06-16,"Moderna, Pfizer/BioNTech",https://opendata.swiss/en/dataset/covid-19-schweiz?detGeo=FL,28606,18028,10835,
Liechtenstein,2021-06-17,"Moderna, Pfizer/BioNTech",https://opendata.swiss/en/dataset/covid-19-schweiz?detGeo=FL,29156,18315,11100,
Liechtenstein,2021-06-18,"Moderna, Pfizer/BioNTech",https://opendata.swiss/en/dataset/covid-19-schweiz?detGeo=FL,29736,18601,11395,
Liechtenstein,2021-06-19,"Moderna, Pfizer/BioNTech",https://opendata.swiss/en/dataset/covid-19-schweiz?detGeo=FL,29736,18601,11395,
Liechtenstein,2021-06-20,"Moderna, Pfizer/BioNTech",https://opendata.swiss/en/dataset/covid-19-schweiz?detGeo=FL,29736,18601,11395,
Liechtenstein,2021-06-21,"Moderna, Pfizer/BioNTech",https://opendata.swiss/en/dataset/covid-19-schweiz?detGeo=FL,29736,18602,11396,
Liechtenstein,2021-06-22,"Moderna, Pfizer/BioNTech",https://opendata.swiss/en/dataset/covid-19-schweiz?detGeo=FL,30261,18605,11921,
Liechtenstein,2021-06-23,"Moderna, Pfizer/BioNTech",https://opendata.swiss/en/dataset/covid-19-schweiz?detGeo=FL,30557,18621,12207,
Liechtenstein,2021-06-24,"Moderna, Pfizer/BioNTech",https://opendata.swiss/en/dataset/covid-19-schweiz?detGeo=FL,31074,18831,12516,
Liechtenstein,2021-06-25,"Moderna, Pfizer/BioNTech",https://opendata.swiss/en/dataset/covid-19-schweiz?detGeo=FL,31352,19089,12534,
Liechtenstein,2021-06-26,"Moderna, Pfizer/BioNTech",https://opendata.swiss/en/dataset/covid-19-schweiz?detGeo=FL,31352,19089,12535,
Liechtenstein,2021-06-27,"Moderna, Pfizer/BioNTech",https://opendata.swiss/en/dataset/covid-19-schweiz?detGeo=FL,31352,19089,12535,
Liechtenstein,2021-06-28,"Moderna, Pfizer/BioNTech",https://opendata.swiss/en/dataset/covid-19-schweiz?detGeo=FL,31641,19120,12794,
Liechtenstein,2021-06-29,"Moderna, Pfizer/BioNTech",https://opendata.swiss/en/dataset/covid-19-schweiz?detGeo=FL,31940,19140,13078,
Liechtenstein,2021-06-30,"Moderna, Pfizer/BioNTech",https://opendata.swiss/en/dataset/covid-19-schweiz?detGeo=FL,32482,19407,13357,
Liechtenstein,2021-07-01,"Moderna, Pfizer/BioNTech",https://opendata.swiss/en/dataset/covid-19-schweiz?detGeo=FL,33028,19685,13625,
Liechtenstein,2021-07-02,"Moderna, Pfizer/BioNTech",https://opendata.swiss/en/dataset/covid-19-schweiz?detGeo=FL,33627,19740,14168,
Liechtenstein,2021-07-03,"Moderna, Pfizer/BioNTech",https://opendata.swiss/en/dataset/covid-19-schweiz?detGeo=FL,33627,19740,14169,
Liechtenstein,2021-07-04,"Moderna, Pfizer/BioNTech",https://opendata.swiss/en/dataset/covid-19-schweiz?detGeo=FL,33627,19740,14169,
Liechtenstein,2021-07-05,"Moderna, Pfizer/BioNTech",https://opendata.swiss/en/dataset/covid-19-schweiz?detGeo=FL,33923,19757,14451,
Liechtenstein,2021-07-06,"Moderna, Pfizer/BioNTech",https://opendata.swiss/en/dataset/covid-19-schweiz?detGeo=FL,34461,20003,14740,
Liechtenstein,2021-07-07,"Moderna, Pfizer/BioNTech",https://opendata.swiss/en/dataset/covid-19-schweiz?detGeo=FL,35050,20060,15273,
Liechtenstein,2021-07-08,"Moderna, Pfizer/BioNTech",https://opendata.swiss/en/dataset/covid-19-schweiz?detGeo=FL,35639,20116,15810,
Liechtenstein,2021-07-09,"Moderna, Pfizer/BioNTech",https://opendata.swiss/en/dataset/covid-19-schweiz?detGeo=FL,36244,20201,16328,
Liechtenstein,2021-07-10,"Moderna, Pfizer/BioNTech",https://opendata.swiss/en/dataset/covid-19-schweiz?detGeo=FL,36244,20201,16328,
Liechtenstein,2021-07-11,"Moderna, Pfizer/BioNTech",https://opendata.swiss/en/dataset/covid-19-schweiz?detGeo=FL,36244,20201,16328,
Liechtenstein,2021-07-12,"Moderna, Pfizer/BioNTech",https://opendata.swiss/en/dataset/covid-19-schweiz?detGeo=FL,36827,20256,16858,
Liechtenstein,2021-07-13,"Moderna, Pfizer/BioNTech",https://opendata.swiss/en/dataset/covid-19-schweiz?detGeo=FL,37414,20304,17399,
Liechtenstein,2021-07-14,"Moderna, Pfizer/BioNTech",https://opendata.swiss/en/dataset/covid-19-schweiz?detGeo=FL,37708,20331,17667,
Liechtenstein,2021-07-15,"Moderna, Pfizer/BioNTech",https://opendata.swiss/en/dataset/covid-19-schweiz?detGeo=FL,38255,20584,17941,
Liechtenstein,2021-07-16,"Moderna, Pfizer/BioNTech",https://opendata.swiss/en/dataset/covid-19-schweiz?detGeo=FL,38571,20594,18245,
Liechtenstein,2021-07-17,"Moderna, Pfizer/BioNTech",https://opendata.swiss/en/dataset/covid-19-schweiz?detGeo=FL,38571,20594,18245,
Liechtenstein,2021-07-18,"Moderna, Pfizer/BioNTech",https://opendata.swiss/en/dataset/covid-19-schweiz?detGeo=FL,38571,20594,18245,
Liechtenstein,2021-07-19,"Moderna, Pfizer/BioNTech",https://opendata.swiss/en/dataset/covid-19-schweiz?detGeo=FL,38571,20594,18246,
Liechtenstein,2021-07-20,"Moderna, Pfizer/BioNTech",https://opendata.swiss/en/dataset/covid-19-schweiz?detGeo=FL,38571,20599,18246,
Liechtenstein,2021-07-21,"Moderna, Pfizer/BioNTech",https://opendata.swiss/en/dataset/covid-19-schweiz?detGeo=FL,38571,20601,18247,
Liechtenstein,2021-07-22,"Moderna, Pfizer/BioNTech",https://opendata.swiss/en/dataset/covid-19-schweiz?detGeo=FL,38816,20623,18469,
Liechtenstein,2021-07-23,"Moderna, Pfizer/BioNTech",https://opendata.swiss/en/dataset/covid-19-schweiz?detGeo=FL,39206,20630,18851,
Liechtenstein,2021-07-24,"Moderna, Pfizer/BioNTech",https://opendata.swiss/en/dataset/covid-19-schweiz?detGeo=FL,39206,20630,18851,
Liechtenstein,2021-07-25,"Moderna, Pfizer/BioNTech",https://opendata.swiss/en/dataset/covid-19-schweiz?detGeo=FL,39206,20630,18851,
Liechtenstein,2021-07-26,"Moderna, Pfizer/BioNTech",https://opendata.swiss/en/dataset/covid-19-schweiz?detGeo=FL,39206,20630,18852,
Liechtenstein,2021-07-27,"Moderna, Pfizer/BioNTech",https://opendata.swiss/en/dataset/covid-19-schweiz?detGeo=FL,39206,20632,18852,
Liechtenstein,2021-07-28,"Moderna, Pfizer/BioNTech",https://opendata.swiss/en/dataset/covid-19-schweiz?detGeo=FL,39206,20632,18854,
Liechtenstein,2021-07-29,"Moderna, Pfizer/BioNTech",https://opendata.swiss/en/dataset/covid-19-schweiz?detGeo=FL,39206,20633,18854,
Liechtenstein,2021-07-30,"Moderna, Pfizer/BioNTech",https://opendata.swiss/en/dataset/covid-19-schweiz?detGeo=FL,39206,20638,18855,
Liechtenstein,2021-07-31,"Moderna, Pfizer/BioNTech",https://opendata.swiss/en/dataset/covid-19-schweiz?detGeo=FL,39206,20639,18855,
Liechtenstein,2021-08-01,"Moderna, Pfizer/BioNTech",https://opendata.swiss/en/dataset/covid-19-schweiz?detGeo=FL,39206,20639,18855,
Liechtenstein,2021-08-02,"Moderna, Pfizer/BioNTech",https://opendata.swiss/en/dataset/covid-19-schweiz?detGeo=FL,39206,20639,18855,
Liechtenstein,2021-08-03,"Moderna, Pfizer/BioNTech",https://opendata.swiss/en/dataset/covid-19-schweiz?detGeo=FL,39206,20639,18855,
Liechtenstein,2021-08-04,"Moderna, Pfizer/BioNTech",https://opendata.swiss/en/dataset/covid-19-schweiz?detGeo=FL,39206,20639,18855,
Liechtenstein,2021-08-05,"Moderna, Pfizer/BioNTech",https://opendata.swiss/en/dataset/covid-19-schweiz?detGeo=FL,39206,20639,18855,
Liechtenstein,2021-08-06,"Moderna, Pfizer/BioNTech",https://opendata.swiss/en/dataset/covid-19-schweiz?detGeo=FL,39206,20641,18855,
Liechtenstein,2021-08-07,"Moderna, Pfizer/BioNTech",https://opendata.swiss/en/dataset/covid-19-schweiz?detGeo=FL,39206,20641,18855,
Liechtenstein,2021-08-08,"Moderna, Pfizer/BioNTech",https://opendata.swiss/en/dataset/covid-19-schweiz?detGeo=FL,39206,20641,18855,
Liechtenstein,2021-08-09,"Moderna, Pfizer/BioNTech",https://opendata.swiss/en/dataset/covid-19-schweiz?detGeo=FL,39796,20660,19424,
Liechtenstein,2021-08-10,"Moderna, Pfizer/BioNTech",https://opendata.swiss/en/dataset/covid-19-schweiz?detGeo=FL,40078,20836,19530,
Liechtenstein,2021-08-11,"Moderna, Pfizer/BioNTech",https://opendata.swiss/en/dataset/covid-19-schweiz?detGeo=FL,40392,20857,19823,
Liechtenstein,2021-08-12,"Moderna, Pfizer/BioNTech",https://opendata.swiss/en/dataset/covid-19-schweiz?detGeo=FL,40614,20861,20025,
Liechtenstein,2021-08-13,"Moderna, Pfizer/BioNTech",https://opendata.swiss/en/dataset/covid-19-schweiz?detGeo=FL,40924,21171,20026,
Liechtenstein,2021-08-14,"Moderna, Pfizer/BioNTech",https://opendata.swiss/en/dataset/covid-19-schweiz?detGeo=FL,40924,21171,20026,
Liechtenstein,2021-08-15,"Moderna, Pfizer/BioNTech",https://opendata.swiss/en/dataset/covid-19-schweiz?detGeo=FL,40924,21171,20026,
Liechtenstein,2021-08-16,"Moderna, Pfizer/BioNTech",https://opendata.swiss/en/dataset/covid-19-schweiz?detGeo=FL,41213,21192,20292,
Liechtenstein,2021-08-17,"Moderna, Pfizer/BioNTech",https://opendata.swiss/en/dataset/covid-19-schweiz?detGeo=FL,41498,21413,20355,
