date,vaccine,total_vaccinations,location
2020-12-13,Pfizer/BioNTech,1,Czechia
2020-12-14,Pfizer/BioNTech,2,Czechia
2020-12-20,Pfizer/BioNTech,5,Czechia
2020-12-22,Pfizer/BioNTech,8,Czechia
2020-12-23,Pfizer/BioNTech,9,Czechia
2020-12-27,Pfizer/BioNTech,1267,Czechia
2020-12-28,Pfizer/BioNTech,3567,Czechia
2020-12-29,Pfizer/BioNTech,7021,Czechia
2020-12-30,Pfizer/BioNTech,10510,Czechia
2020-12-31,Pfizer/BioNTech,11816,Czechia
2021-01-01,Pfizer/BioNTech,12078,Czechia
2021-01-02,Pfizer/BioNTech,13348,Czechia
2021-01-03,Pfizer/BioNTech,14264,Czechia
2021-01-04,Moderna,1,Czechia
2021-01-04,Pfizer/BioNTech,17850,Czechia
2021-01-05,Pfizer/BioNTech,22349,Czechia
2021-01-06,Pfizer/BioNTech,28180,Czechia
2021-01-07,Pfizer/BioNTech,36137,Czechia
2021-01-08,Pfizer/BioNTech,46099,Czechia
2021-01-09,Pfizer/BioNTech,48114,Czechia
2021-01-10,Pfizer/BioNTech,49870,Czechia
2021-01-11,Pfizer/BioNTech,59683,Czechia
2021-01-12,Moderna,2,Czechia
2021-01-12,Pfizer/BioNTech,73077,Czechia
2021-01-13,Pfizer/BioNTech,86570,Czechia
2021-01-14,Moderna,1229,Czechia
2021-01-14,Pfizer/BioNTech,100525,Czechia
2021-01-15,Moderna,1989,Czechia
2021-01-15,Pfizer/BioNTech,113720,Czechia
2021-01-16,Pfizer/BioNTech,116771,Czechia
2021-01-16,Moderna,2315,Czechia
2021-01-17,Moderna,2404,Czechia
2021-01-17,Pfizer/BioNTech,119919,Czechia
2021-01-18,Moderna,2581,Czechia
2021-01-18,Pfizer/BioNTech,134028,Czechia
2021-01-19,Moderna,3356,Czechia
2021-01-19,Pfizer/BioNTech,148479,Czechia
2021-01-20,Moderna,4937,Czechia
2021-01-20,Pfizer/BioNTech,163164,Czechia
2021-01-21,Moderna,5896,Czechia
2021-01-21,Pfizer/BioNTech,179527,Czechia
2021-01-22,Pfizer/BioNTech,195183,Czechia
2021-01-22,Moderna,6092,Czechia
2021-01-23,Moderna,6133,Czechia
2021-01-23,Pfizer/BioNTech,199305,Czechia
2021-01-24,Moderna,6257,Czechia
2021-01-24,Pfizer/BioNTech,202291,Czechia
2021-01-25,Moderna,6455,Czechia
2021-01-25,Pfizer/BioNTech,214662,Czechia
2021-01-26,Moderna,6729,Czechia
2021-01-26,Pfizer/BioNTech,228863,Czechia
2021-01-27,Pfizer/BioNTech,242066,Czechia
2021-01-27,Moderna,7032,Czechia
2021-01-28,Moderna,7153,Czechia
2021-01-28,Pfizer/BioNTech,255100,Czechia
2021-01-29,Moderna,7304,Czechia
2021-01-29,Pfizer/BioNTech,268989,Czechia
2021-01-30,Moderna,7307,Czechia
2021-01-30,Pfizer/BioNTech,270798,Czechia
2021-01-31,Moderna,7308,Czechia
2021-01-31,Pfizer/BioNTech,272674,Czechia
2021-02-01,Moderna,7564,Czechia
2021-02-01,Pfizer/BioNTech,284275,Czechia
2021-02-02,Pfizer/BioNTech,298268,Czechia
2021-02-02,Moderna,7891,Czechia
2021-02-03,Moderna,8621,Czechia
2021-02-03,Pfizer/BioNTech,312901,Czechia
2021-02-04,Moderna,9759,Czechia
2021-02-04,Pfizer/BioNTech,329591,Czechia
2021-02-05,Moderna,10949,Czechia
2021-02-05,Pfizer/BioNTech,344480,Czechia
2021-02-06,Moderna,11207,Czechia
2021-02-06,Pfizer/BioNTech,347401,Czechia
2021-02-07,Pfizer/BioNTech,350463,Czechia
2021-02-07,Moderna,11470,Czechia
2021-02-08,Moderna,12377,Czechia
2021-02-08,Pfizer/BioNTech,364959,Czechia
2021-02-09,Moderna,14035,Czechia
2021-02-09,Oxford/AstraZeneca,1,Czechia
2021-02-09,Pfizer/BioNTech,380276,Czechia
2021-02-10,Moderna,15782,Czechia
2021-02-10,Pfizer/BioNTech,397194,Czechia
2021-02-11,Oxford/AstraZeneca,233,Czechia
2021-02-11,Pfizer/BioNTech,416025,Czechia
2021-02-11,Moderna,19157,Czechia
2021-02-12,Oxford/AstraZeneca,635,Czechia
2021-02-12,Pfizer/BioNTech,434773,Czechia
2021-02-12,Moderna,21394,Czechia
2021-02-13,Moderna,21880,Czechia
2021-02-13,Oxford/AstraZeneca,1074,Czechia
2021-02-13,Pfizer/BioNTech,438409,Czechia
2021-02-14,Moderna,22128,Czechia
2021-02-14,Oxford/AstraZeneca,1277,Czechia
2021-02-14,Pfizer/BioNTech,440322,Czechia
2021-02-15,Oxford/AstraZeneca,2029,Czechia
2021-02-15,Pfizer/BioNTech,453853,Czechia
2021-02-15,Moderna,23543,Czechia
2021-02-16,Moderna,26020,Czechia
2021-02-16,Oxford/AstraZeneca,3201,Czechia
2021-02-16,Pfizer/BioNTech,467927,Czechia
2021-02-17,Moderna,28756,Czechia
2021-02-17,Oxford/AstraZeneca,5247,Czechia
2021-02-17,Pfizer/BioNTech,481080,Czechia
2021-02-18,Pfizer/BioNTech,497027,Czechia
2021-02-18,Moderna,31106,Czechia
2021-02-18,Oxford/AstraZeneca,7242,Czechia
2021-02-19,Oxford/AstraZeneca,8981,Czechia
2021-02-19,Pfizer/BioNTech,513019,Czechia
2021-02-19,Moderna,32499,Czechia
2021-02-20,Moderna,32503,Czechia
2021-02-20,Oxford/AstraZeneca,9650,Czechia
2021-02-20,Pfizer/BioNTech,515481,Czechia
2021-02-21,Moderna,32603,Czechia
2021-02-21,Oxford/AstraZeneca,9855,Czechia
2021-02-21,Pfizer/BioNTech,517289,Czechia
2021-02-22,Pfizer/BioNTech,530768,Czechia
2021-02-22,Moderna,33604,Czechia
2021-02-22,Oxford/AstraZeneca,11465,Czechia
2021-02-23,Pfizer/BioNTech,547080,Czechia
2021-02-23,Oxford/AstraZeneca,14201,Czechia
2021-02-23,Moderna,34386,Czechia
2021-02-24,Moderna,35717,Czechia
2021-02-24,Oxford/AstraZeneca,17136,Czechia
2021-02-24,Pfizer/BioNTech,562645,Czechia
2021-02-25,Pfizer/BioNTech,580569,Czechia
2021-02-25,Moderna,36899,Czechia
2021-02-25,Oxford/AstraZeneca,21490,Czechia
2021-02-26,Oxford/AstraZeneca,24840,Czechia
2021-02-26,Pfizer/BioNTech,597821,Czechia
2021-02-26,Moderna,37739,Czechia
2021-02-27,Pfizer/BioNTech,600574,Czechia
2021-02-27,Moderna,37910,Czechia
2021-02-27,Oxford/AstraZeneca,25459,Czechia
2021-02-28,Moderna,38103,Czechia
2021-02-28,Oxford/AstraZeneca,25929,Czechia
2021-02-28,Pfizer/BioNTech,602797,Czechia
2021-03-01,Moderna,39701,Czechia
2021-03-01,Oxford/AstraZeneca,29954,Czechia
2021-03-01,Pfizer/BioNTech,620068,Czechia
2021-03-02,Pfizer/BioNTech,639489,Czechia
2021-03-02,Oxford/AstraZeneca,39348,Czechia
2021-03-02,Moderna,41573,Czechia
2021-03-03,Moderna,45277,Czechia
2021-03-03,Oxford/AstraZeneca,49090,Czechia
2021-03-03,Pfizer/BioNTech,661280,Czechia
2021-03-04,Moderna,50028,Czechia
2021-03-04,Oxford/AstraZeneca,58460,Czechia
2021-03-04,Pfizer/BioNTech,684951,Czechia
2021-03-05,Pfizer/BioNTech,707035,Czechia
2021-03-05,Oxford/AstraZeneca,66845,Czechia
2021-03-05,Johnson&Johnson,1,Czechia
2021-03-05,Moderna,53639,Czechia
2021-03-06,Moderna,55038,Czechia
2021-03-06,Oxford/AstraZeneca,71329,Czechia
2021-03-06,Pfizer/BioNTech,714082,Czechia
2021-03-07,Johnson&Johnson,2,Czechia
2021-03-07,Moderna,56349,Czechia
2021-03-07,Oxford/AstraZeneca,75466,Czechia
2021-03-07,Pfizer/BioNTech,720852,Czechia
2021-03-08,Moderna,59431,Czechia
2021-03-08,Oxford/AstraZeneca,83348,Czechia
2021-03-08,Pfizer/BioNTech,744300,Czechia
2021-03-09,Moderna,64745,Czechia
2021-03-09,Oxford/AstraZeneca,94559,Czechia
2021-03-09,Pfizer/BioNTech,770287,Czechia
2021-03-10,Oxford/AstraZeneca,105468,Czechia
2021-03-10,Pfizer/BioNTech,802436,Czechia
2021-03-10,Moderna,69739,Czechia
2021-03-11,Oxford/AstraZeneca,117264,Czechia
2021-03-11,Pfizer/BioNTech,839345,Czechia
2021-03-11,Moderna,74023,Czechia
2021-03-12,Oxford/AstraZeneca,129521,Czechia
2021-03-12,Pfizer/BioNTech,868716,Czechia
2021-03-12,Moderna,79449,Czechia
2021-03-13,Oxford/AstraZeneca,132517,Czechia
2021-03-13,Pfizer/BioNTech,882735,Czechia
2021-03-13,Moderna,80742,Czechia
2021-03-14,Moderna,81877,Czechia
2021-03-14,Oxford/AstraZeneca,133428,Czechia
2021-03-14,Pfizer/BioNTech,893887,Czechia
2021-03-15,Moderna,88669,Czechia
2021-03-15,Oxford/AstraZeneca,141471,Czechia
2021-03-15,Pfizer/BioNTech,916077,Czechia
2021-03-16,Moderna,97866,Czechia
2021-03-16,Oxford/AstraZeneca,150211,Czechia
2021-03-16,Pfizer/BioNTech,947415,Czechia
2021-03-17,Pfizer/BioNTech,978505,Czechia
2021-03-17,Moderna,105609,Czechia
2021-03-17,Oxford/AstraZeneca,159230,Czechia
2021-03-18,Johnson&Johnson,4,Czechia
2021-03-18,Moderna,112747,Czechia
2021-03-18,Oxford/AstraZeneca,168571,Czechia
2021-03-18,Pfizer/BioNTech,1012222,Czechia
2021-03-19,Johnson&Johnson,5,Czechia
2021-03-19,Moderna,118810,Czechia
2021-03-19,Oxford/AstraZeneca,177366,Czechia
2021-03-19,Pfizer/BioNTech,1045240,Czechia
2021-03-20,Pfizer/BioNTech,1058756,Czechia
2021-03-20,Oxford/AstraZeneca,179792,Czechia
2021-03-20,Moderna,119951,Czechia
2021-03-21,Moderna,120267,Czechia
2021-03-21,Oxford/AstraZeneca,180266,Czechia
2021-03-21,Pfizer/BioNTech,1066877,Czechia
2021-03-22,Johnson&Johnson,7,Czechia
2021-03-22,Moderna,124558,Czechia
2021-03-22,Oxford/AstraZeneca,187129,Czechia
2021-03-22,Pfizer/BioNTech,1092508,Czechia
2021-03-23,Moderna,128405,Czechia
2021-03-23,Johnson&Johnson,9,Czechia
2021-03-23,Oxford/AstraZeneca,194756,Czechia
2021-03-23,Pfizer/BioNTech,1120823,Czechia
2021-03-24,Moderna,132559,Czechia
2021-03-24,Oxford/AstraZeneca,202529,Czechia
2021-03-24,Pfizer/BioNTech,1151334,Czechia
2021-03-25,Oxford/AstraZeneca,210042,Czechia
2021-03-25,Pfizer/BioNTech,1183823,Czechia
2021-03-25,Moderna,136595,Czechia
2021-03-26,Pfizer/BioNTech,1217680,Czechia
2021-03-26,Oxford/AstraZeneca,215791,Czechia
2021-03-26,Moderna,139148,Czechia
2021-03-27,Pfizer/BioNTech,1228777,Czechia
2021-03-27,Oxford/AstraZeneca,216673,Czechia
2021-03-27,Johnson&Johnson,11,Czechia
2021-03-27,Moderna,140388,Czechia
2021-03-28,Moderna,141944,Czechia
2021-03-28,Oxford/AstraZeneca,216800,Czechia
2021-03-28,Pfizer/BioNTech,1236743,Czechia
2021-03-29,Johnson&Johnson,12,Czechia
2021-03-29,Moderna,147941,Czechia
2021-03-29,Oxford/AstraZeneca,220568,Czechia
2021-03-29,Pfizer/BioNTech,1266603,Czechia
2021-03-30,Moderna,156787,Czechia
2021-03-30,Oxford/AstraZeneca,225940,Czechia
2021-03-30,Pfizer/BioNTech,1299078,Czechia
2021-03-31,Johnson&Johnson,13,Czechia
2021-03-31,Moderna,167790,Czechia
2021-03-31,Oxford/AstraZeneca,230910,Czechia
2021-03-31,Pfizer/BioNTech,1333078,Czechia
2021-04-01,Pfizer/BioNTech,1375222,Czechia
2021-04-01,Oxford/AstraZeneca,235478,Czechia
2021-04-01,Moderna,178485,Czechia
2021-04-01,Johnson&Johnson,15,Czechia
2021-04-02,Johnson&Johnson,21,Czechia
2021-04-02,Moderna,181015,Czechia
2021-04-02,Oxford/AstraZeneca,236052,Czechia
2021-04-02,Pfizer/BioNTech,1391688,Czechia
2021-04-03,Moderna,182714,Czechia
2021-04-03,Oxford/AstraZeneca,236265,Czechia
2021-04-03,Pfizer/BioNTech,1404229,Czechia
2021-04-04,Moderna,183928,Czechia
2021-04-04,Oxford/AstraZeneca,236270,Czechia
2021-04-04,Pfizer/BioNTech,1414260,Czechia
2021-04-05,Johnson&Johnson,23,Czechia
2021-04-05,Moderna,185324,Czechia
2021-04-05,Oxford/AstraZeneca,236341,Czechia
2021-04-05,Pfizer/BioNTech,1422270,Czechia
2021-04-06,Oxford/AstraZeneca,239331,Czechia
2021-04-06,Pfizer/BioNTech,1456017,Czechia
2021-04-06,Johnson&Johnson,25,Czechia
2021-04-06,Moderna,193779,Czechia
2021-04-07,Oxford/AstraZeneca,247445,Czechia
2021-04-07,Pfizer/BioNTech,1484938,Czechia
2021-04-07,Johnson&Johnson,29,Czechia
2021-04-07,Moderna,202134,Czechia
2021-04-08,Pfizer/BioNTech,1536591,Czechia
2021-04-08,Oxford/AstraZeneca,258853,Czechia
2021-04-08,Johnson&Johnson,32,Czechia
2021-04-08,Moderna,208342,Czechia
2021-04-09,Johnson&Johnson,34,Czechia
2021-04-09,Moderna,215898,Czechia
2021-04-09,Oxford/AstraZeneca,270217,Czechia
2021-04-09,Pfizer/BioNTech,1586847,Czechia
2021-04-10,Johnson&Johnson,42,Czechia
2021-04-10,Moderna,217458,Czechia
2021-04-10,Oxford/AstraZeneca,273715,Czechia
2021-04-10,Pfizer/BioNTech,1612363,Czechia
2021-04-11,Pfizer/BioNTech,1630434,Czechia
2021-04-11,Oxford/AstraZeneca,274210,Czechia
2021-04-11,Johnson&Johnson,44,Czechia
2021-04-11,Moderna,218599,Czechia
2021-04-12,Moderna,227176,Czechia
2021-04-12,Oxford/AstraZeneca,283102,Czechia
2021-04-12,Pfizer/BioNTech,1675889,Czechia
2021-04-13,Pfizer/BioNTech,1717760,Czechia
2021-04-13,Moderna,237729,Czechia
2021-04-13,Oxford/AstraZeneca,292615,Czechia
2021-04-14,Oxford/AstraZeneca,302695,Czechia
2021-04-14,Pfizer/BioNTech,1763199,Czechia
2021-04-14,Moderna,248158,Czechia
2021-04-15,Moderna,257612,Czechia
2021-04-15,Oxford/AstraZeneca,311813,Czechia
2021-04-15,Pfizer/BioNTech,1817915,Czechia
2021-04-16,Johnson&Johnson,45,Czechia
2021-04-16,Moderna,267608,Czechia
2021-04-16,Oxford/AstraZeneca,318556,Czechia
2021-04-16,Pfizer/BioNTech,1871212,Czechia
2021-04-17,Pfizer/BioNTech,1893806,Czechia
2021-04-17,Moderna,269968,Czechia
2021-04-17,Oxford/AstraZeneca,319171,Czechia
2021-04-18,Moderna,270853,Czechia
2021-04-18,Oxford/AstraZeneca,319317,Czechia
2021-04-18,Pfizer/BioNTech,1910645,Czechia
2021-04-19,Pfizer/BioNTech,1957295,Czechia
2021-04-19,Moderna,277803,Czechia
2021-04-19,Oxford/AstraZeneca,324923,Czechia
2021-04-20,Oxford/AstraZeneca,331685,Czechia
2021-04-20,Pfizer/BioNTech,2001713,Czechia
2021-04-20,Moderna,284477,Czechia
2021-04-21,Pfizer/BioNTech,2050680,Czechia
2021-04-21,Oxford/AstraZeneca,339170,Czechia
2021-04-21,Moderna,289904,Czechia
2021-04-21,Johnson&Johnson,46,Czechia
2021-04-22,Johnson&Johnson,74,Czechia
2021-04-22,Moderna,295800,Czechia
2021-04-22,Oxford/AstraZeneca,347296,Czechia
2021-04-22,Pfizer/BioNTech,2108293,Czechia
2021-04-23,Johnson&Johnson,294,Czechia
2021-04-23,Moderna,299641,Czechia
2021-04-23,Oxford/AstraZeneca,353493,Czechia
2021-04-23,Pfizer/BioNTech,2159646,Czechia
2021-04-24,Pfizer/BioNTech,2181102,Czechia
2021-04-24,Oxford/AstraZeneca,354170,Czechia
2021-04-24,Johnson&Johnson,306,Czechia
2021-04-24,Moderna,300459,Czechia
2021-04-25,Johnson&Johnson,322,Czechia
2021-04-25,Moderna,301928,Czechia
2021-04-25,Oxford/AstraZeneca,354345,Czechia
2021-04-25,Pfizer/BioNTech,2198052,Czechia
2021-04-26,Oxford/AstraZeneca,359947,Czechia
2021-04-26,Pfizer/BioNTech,2244050,Czechia
2021-04-26,Moderna,306248,Czechia
2021-04-26,Johnson&Johnson,864,Czechia
2021-04-27,Johnson&Johnson,1798,Czechia
2021-04-27,Moderna,312539,Czechia
2021-04-27,Oxford/AstraZeneca,366640,Czechia
2021-04-27,Pfizer/BioNTech,2290225,Czechia
2021-04-28,Johnson&Johnson,3249,Czechia
2021-04-28,Moderna,320962,Czechia
2021-04-28,Oxford/AstraZeneca,373319,Czechia
2021-04-28,Pfizer/BioNTech,2344822,Czechia
2021-04-29,Pfizer/BioNTech,2408486,Czechia
2021-04-29,Johnson&Johnson,4856,Czechia
2021-04-29,Moderna,328803,Czechia
2021-04-29,Oxford/AstraZeneca,379814,Czechia
2021-04-30,Oxford/AstraZeneca,383692,Czechia
2021-04-30,Pfizer/BioNTech,2469890,Czechia
2021-04-30,Johnson&Johnson,6315,Czechia
2021-04-30,Moderna,332597,Czechia
2021-05-01,Moderna,333788,Czechia
2021-05-01,Oxford/AstraZeneca,383903,Czechia
2021-05-01,Johnson&Johnson,6418,Czechia
2021-05-01,Pfizer/BioNTech,2490932,Czechia
2021-05-02,Pfizer/BioNTech,2511373,Czechia
2021-05-02,Oxford/AstraZeneca,384019,Czechia
2021-05-02,Moderna,334282,Czechia
2021-05-02,Johnson&Johnson,6446,Czechia
2021-05-03,Johnson&Johnson,7571,Czechia
2021-05-03,Moderna,337284,Czechia
2021-05-03,Oxford/AstraZeneca,387185,Czechia
2021-05-03,Pfizer/BioNTech,2575102,Czechia
2021-05-04,Oxford/AstraZeneca,391472,Czechia
2021-05-04,Pfizer/BioNTech,2635209,Czechia
2021-05-04,Johnson&Johnson,9139,Czechia
2021-05-04,Moderna,344366,Czechia
2021-05-05,Johnson&Johnson,11109,Czechia
2021-05-05,Moderna,350012,Czechia
2021-05-05,Oxford/AstraZeneca,397699,Czechia
2021-05-05,Pfizer/BioNTech,2701778,Czechia
2021-05-06,Pfizer/BioNTech,2776003,Czechia
2021-05-06,Johnson&Johnson,13078,Czechia
2021-05-06,Moderna,355368,Czechia
2021-05-06,Oxford/AstraZeneca,405008,Czechia
2021-05-07,Oxford/AstraZeneca,410764,Czechia
2021-05-07,Pfizer/BioNTech,2848697,Czechia
2021-05-07,Johnson&Johnson,15005,Czechia
2021-05-07,Moderna,360198,Czechia
2021-05-08,Johnson&Johnson,15152,Czechia
2021-05-08,Moderna,361282,Czechia
2021-05-08,Oxford/AstraZeneca,411029,Czechia
2021-05-08,Pfizer/BioNTech,2878127,Czechia
2021-05-09,Johnson&Johnson,15161,Czechia
2021-05-09,Moderna,362344,Czechia
2021-05-09,Oxford/AstraZeneca,411434,Czechia
2021-05-09,Pfizer/BioNTech,2901958,Czechia
2021-05-10,Pfizer/BioNTech,2966779,Czechia
2021-05-10,Oxford/AstraZeneca,417363,Czechia
2021-05-10,Moderna,367975,Czechia
2021-05-10,Johnson&Johnson,16841,Czechia
2021-05-11,Johnson&Johnson,18658,Czechia
2021-05-11,Moderna,374279,Czechia
2021-05-11,Oxford/AstraZeneca,424916,Czechia
2021-05-11,Pfizer/BioNTech,3034027,Czechia
2021-05-12,Pfizer/BioNTech,3103853,Czechia
2021-05-12,Johnson&Johnson,20239,Czechia
2021-05-12,Moderna,382634,Czechia
2021-05-12,Oxford/AstraZeneca,432290,Czechia
2021-05-13,Pfizer/BioNTech,3179490,Czechia
2021-05-13,Oxford/AstraZeneca,439232,Czechia
2021-05-13,Moderna,390013,Czechia
2021-05-13,Johnson&Johnson,21744,Czechia
2021-05-14,Johnson&Johnson,22840,Czechia
2021-05-14,Moderna,395495,Czechia
2021-05-14,Oxford/AstraZeneca,445060,Czechia
2021-05-14,Pfizer/BioNTech,3252969,Czechia
2021-05-15,Oxford/AstraZeneca,446983,Czechia
2021-05-15,Pfizer/BioNTech,3284164,Czechia
2021-05-15,Johnson&Johnson,22904,Czechia
2021-05-15,Moderna,396219,Czechia
2021-05-16,Johnson&Johnson,22913,Czechia
2021-05-16,Moderna,396918,Czechia
2021-05-16,Oxford/AstraZeneca,447729,Czechia
2021-05-16,Pfizer/BioNTech,3309602,Czechia
2021-05-17,Pfizer/BioNTech,3377333,Czechia
2021-05-17,Johnson&Johnson,23790,Czechia
2021-05-17,Moderna,401882,Czechia
2021-05-17,Oxford/AstraZeneca,452341,Czechia
2021-05-18,Pfizer/BioNTech,3446282,Czechia
2021-05-18,Oxford/AstraZeneca,458328,Czechia
2021-05-18,Johnson&Johnson,24785,Czechia
2021-05-18,Moderna,409726,Czechia
2021-05-19,Johnson&Johnson,26007,Czechia
2021-05-19,Moderna,420064,Czechia
2021-05-19,Oxford/AstraZeneca,464832,Czechia
2021-05-19,Pfizer/BioNTech,3519348,Czechia
2021-05-20,Pfizer/BioNTech,3600964,Czechia
2021-05-20,Johnson&Johnson,27631,Czechia
2021-05-20,Moderna,430620,Czechia
2021-05-20,Oxford/AstraZeneca,471552,Czechia
2021-05-21,Pfizer/BioNTech,3680668,Czechia
2021-05-21,Oxford/AstraZeneca,477301,Czechia
2021-05-21,Johnson&Johnson,29057,Czechia
2021-05-21,Moderna,438593,Czechia
2021-05-22,Pfizer/BioNTech,3719915,Czechia
2021-05-22,Johnson&Johnson,29228,Czechia
2021-05-22,Moderna,440448,Czechia
2021-05-22,Oxford/AstraZeneca,479169,Czechia
2021-05-23,Moderna,441352,Czechia
2021-05-23,Oxford/AstraZeneca,480607,Czechia
2021-05-23,Johnson&Johnson,29234,Czechia
2021-05-23,Pfizer/BioNTech,3748787,Czechia
2021-05-24,Pfizer/BioNTech,3811711,Czechia
2021-05-24,Oxford/AstraZeneca,486947,Czechia
2021-05-24,Moderna,450000,Czechia
2021-05-24,Johnson&Johnson,30510,Czechia
2021-05-25,Johnson&Johnson,32294,Czechia
2021-05-25,Moderna,458771,Czechia
2021-05-25,Oxford/AstraZeneca,498046,Czechia
2021-05-25,Pfizer/BioNTech,3875635,Czechia
2021-05-26,Johnson&Johnson,34203,Czechia
2021-05-26,Moderna,468714,Czechia
2021-05-26,Oxford/AstraZeneca,508951,Czechia
2021-05-26,Pfizer/BioNTech,3955991,Czechia
2021-05-27,Pfizer/BioNTech,4040624,Czechia
2021-05-27,Oxford/AstraZeneca,518475,Czechia
2021-05-27,Johnson&Johnson,36317,Czechia
2021-05-27,Moderna,478776,Czechia
2021-05-28,Johnson&Johnson,38414,Czechia
2021-05-28,Moderna,488663,Czechia
2021-05-28,Oxford/AstraZeneca,527722,Czechia
2021-05-28,Pfizer/BioNTech,4125261,Czechia
2021-05-29,Johnson&Johnson,38551,Czechia
2021-05-29,Moderna,491263,Czechia
2021-05-29,Oxford/AstraZeneca,530166,Czechia
2021-05-29,Pfizer/BioNTech,4166075,Czechia
2021-05-30,Pfizer/BioNTech,4199158,Czechia
2021-05-30,Oxford/AstraZeneca,532758,Czechia
2021-05-30,Johnson&Johnson,38553,Czechia
2021-05-30,Moderna,492256,Czechia
2021-05-31,Johnson&Johnson,40398,Czechia
2021-05-31,Moderna,500577,Czechia
2021-05-31,Oxford/AstraZeneca,541016,Czechia
2021-05-31,Pfizer/BioNTech,4281855,Czechia
2021-06-01,Pfizer/BioNTech,4362567,Czechia
2021-06-01,Johnson&Johnson,42669,Czechia
2021-06-01,Moderna,510758,Czechia
2021-06-01,Oxford/AstraZeneca,552740,Czechia
2021-06-02,Pfizer/BioNTech,4453434,Czechia
2021-06-02,Oxford/AstraZeneca,564258,Czechia
2021-06-02,Johnson&Johnson,45133,Czechia
2021-06-02,Moderna,520085,Czechia
2021-06-03,Oxford/AstraZeneca,576121,Czechia
2021-06-03,Johnson&Johnson,47938,Czechia
2021-06-03,Moderna,529613,Czechia
2021-06-03,Pfizer/BioNTech,4544559,Czechia
2021-06-04,Pfizer/BioNTech,4638545,Czechia
2021-06-04,Oxford/AstraZeneca,586623,Czechia
2021-06-04,Moderna,538848,Czechia
2021-06-04,Johnson&Johnson,51183,Czechia
2021-06-05,Johnson&Johnson,51305,Czechia
2021-06-05,Moderna,539714,Czechia
2021-06-05,Oxford/AstraZeneca,588650,Czechia
2021-06-05,Pfizer/BioNTech,4688201,Czechia
2021-06-06,Oxford/AstraZeneca,589569,Czechia
2021-06-06,Pfizer/BioNTech,4728529,Czechia
2021-06-06,Johnson&Johnson,51372,Czechia
2021-06-06,Moderna,540244,Czechia
2021-06-07,Johnson&Johnson,54495,Czechia
2021-06-07,Moderna,547989,Czechia
2021-06-07,Oxford/AstraZeneca,598357,Czechia
2021-06-07,Pfizer/BioNTech,4824760,Czechia
2021-06-08,Pfizer/BioNTech,4918649,Czechia
2021-06-08,Johnson&Johnson,57549,Czechia
2021-06-08,Moderna,556145,Czechia
2021-06-08,Oxford/AstraZeneca,608857,Czechia
2021-06-09,Oxford/AstraZeneca,619378,Czechia
2021-06-09,Pfizer/BioNTech,5014698,Czechia
2021-06-09,Johnson&Johnson,61160,Czechia
2021-06-09,Moderna,565485,Czechia
2021-06-10,Johnson&Johnson,64261,Czechia
2021-06-10,Moderna,575480,Czechia
2021-06-10,Oxford/AstraZeneca,630183,Czechia
2021-06-10,Pfizer/BioNTech,5112097,Czechia
2021-06-11,Johnson&Johnson,67392,Czechia
2021-06-11,Moderna,584332,Czechia
2021-06-11,Oxford/AstraZeneca,638769,Czechia
2021-06-11,Pfizer/BioNTech,5209803,Czechia
2021-06-12,Pfizer/BioNTech,5259902,Czechia
2021-06-12,Oxford/AstraZeneca,640131,Czechia
2021-06-12,Moderna,585262,Czechia
2021-06-12,Johnson&Johnson,67486,Czechia
2021-06-13,Johnson&Johnson,67539,Czechia
2021-06-13,Moderna,585656,Czechia
2021-06-13,Oxford/AstraZeneca,640309,Czechia
2021-06-13,Pfizer/BioNTech,5301514,Czechia
2021-06-14,Pfizer/BioNTech,5397751,Czechia
2021-06-14,Johnson&Johnson,69893,Czechia
2021-06-14,Moderna,593706,Czechia
2021-06-14,Oxford/AstraZeneca,647780,Czechia
2021-06-15,Oxford/AstraZeneca,656602,Czechia
2021-06-15,Pfizer/BioNTech,5490331,Czechia
2021-06-15,Johnson&Johnson,72056,Czechia
2021-06-15,Moderna,604151,Czechia
2021-06-16,Johnson&Johnson,74573,Czechia
2021-06-16,Moderna,613523,Czechia
2021-06-16,Oxford/AstraZeneca,665101,Czechia
2021-06-16,Pfizer/BioNTech,5587385,Czechia
2021-06-17,Johnson&Johnson,76754,Czechia
2021-06-17,Moderna,621398,Czechia
2021-06-17,Oxford/AstraZeneca,673165,Czechia
2021-06-17,Pfizer/BioNTech,5688743,Czechia
2021-06-18,Pfizer/BioNTech,5792712,Czechia
2021-06-18,Oxford/AstraZeneca,678909,Czechia
2021-06-18,Johnson&Johnson,78781,Czechia
2021-06-18,Moderna,629252,Czechia
2021-06-19,Johnson&Johnson,78803,Czechia
2021-06-19,Moderna,630438,Czechia
2021-06-19,Oxford/AstraZeneca,679514,Czechia
2021-06-19,Pfizer/BioNTech,5841661,Czechia
2021-06-20,Johnson&Johnson,78840,Czechia
2021-06-20,Moderna,631716,Czechia
2021-06-20,Oxford/AstraZeneca,679609,Czechia
2021-06-20,Pfizer/BioNTech,5881191,Czechia
2021-06-21,Pfizer/BioNTech,5973382,Czechia
2021-06-21,Oxford/AstraZeneca,686021,Czechia
2021-06-21,Johnson&Johnson,80273,Czechia
2021-06-21,Moderna,640906,Czechia
2021-06-22,Johnson&Johnson,81888,Czechia
2021-06-22,Moderna,650300,Czechia
2021-06-22,Oxford/AstraZeneca,694580,Czechia
2021-06-22,Pfizer/BioNTech,6066328,Czechia
2021-06-23,Pfizer/BioNTech,6159294,Czechia
2021-06-23,Johnson&Johnson,83683,Czechia
2021-06-23,Moderna,661195,Czechia
2021-06-23,Oxford/AstraZeneca,702982,Czechia
2021-06-24,Johnson&Johnson,85510,Czechia
2021-06-24,Moderna,670956,Czechia
2021-06-24,Oxford/AstraZeneca,711124,Czechia
2021-06-24,Pfizer/BioNTech,6257171,Czechia
2021-06-25,Oxford/AstraZeneca,717129,Czechia
2021-06-25,Pfizer/BioNTech,6355369,Czechia
2021-06-25,Johnson&Johnson,87209,Czechia
2021-06-25,Moderna,679879,Czechia
2021-06-26,Pfizer/BioNTech,6402540,Czechia
2021-06-26,Oxford/AstraZeneca,718736,Czechia
2021-06-26,Moderna,681375,Czechia
2021-06-26,Johnson&Johnson,87237,Czechia
2021-06-27,Johnson&Johnson,87244,Czechia
2021-06-27,Moderna,682470,Czechia
2021-06-27,Oxford/AstraZeneca,718873,Czechia
2021-06-27,Pfizer/BioNTech,6441656,Czechia
2021-06-28,Oxford/AstraZeneca,725766,Czechia
2021-06-28,Pfizer/BioNTech,6536570,Czechia
2021-06-28,Johnson&Johnson,88490,Czechia
2021-06-28,Moderna,691238,Czechia
2021-06-29,Johnson&Johnson,89937,Czechia
2021-06-29,Moderna,702103,Czechia
2021-06-29,Oxford/AstraZeneca,735334,Czechia
2021-06-29,Pfizer/BioNTech,6628400,Czechia
2021-06-30,Pfizer/BioNTech,6722303,Czechia
2021-06-30,Johnson&Johnson,91277,Czechia
2021-06-30,Moderna,714366,Czechia
2021-06-30,Oxford/AstraZeneca,744380,Czechia
2021-07-01,Oxford/AstraZeneca,753816,Czechia
2021-07-01,Pfizer/BioNTech,6811798,Czechia
2021-07-01,Johnson&Johnson,92965,Czechia
2021-07-01,Moderna,725207,Czechia
2021-07-02,Johnson&Johnson,94589,Czechia
2021-07-02,Moderna,736121,Czechia
2021-07-02,Oxford/AstraZeneca,760876,Czechia
2021-07-02,Pfizer/BioNTech,6902325,Czechia
2021-07-03,Johnson&Johnson,94600,Czechia
2021-07-03,Moderna,737379,Czechia
2021-07-03,Oxford/AstraZeneca,761505,Czechia
2021-07-03,Pfizer/BioNTech,6938752,Czechia
2021-07-04,Pfizer/BioNTech,6967362,Czechia
2021-07-04,Oxford/AstraZeneca,761553,Czechia
2021-07-04,Moderna,737877,Czechia
2021-07-04,Johnson&Johnson,94607,Czechia
2021-07-05,Johnson&Johnson,94620,Czechia
2021-07-05,Moderna,738107,Czechia
2021-07-05,Oxford/AstraZeneca,761579,Czechia
2021-07-05,Pfizer/BioNTech,6999579,Czechia
2021-07-06,Pfizer/BioNTech,7031486,Czechia
2021-07-06,Johnson&Johnson,94634,Czechia
2021-07-06,Moderna,738781,Czechia
2021-07-06,Oxford/AstraZeneca,761774,Czechia
2021-07-07,Pfizer/BioNTech,7119101,Czechia
2021-07-07,Oxford/AstraZeneca,767913,Czechia
2021-07-07,Johnson&Johnson,95550,Czechia
2021-07-07,Moderna,747249,Czechia
2021-07-08,Johnson&Johnson,96847,Czechia
2021-07-08,Moderna,755955,Czechia
2021-07-08,Oxford/AstraZeneca,774720,Czechia
2021-07-08,Pfizer/BioNTech,7197365,Czechia
2021-07-09,Johnson&Johnson,98261,Czechia
2021-07-09,Moderna,763879,Czechia
2021-07-09,Oxford/AstraZeneca,779983,Czechia
2021-07-09,Pfizer/BioNTech,7277847,Czechia
2021-07-10,Pfizer/BioNTech,7314250,Czechia
2021-07-10,Oxford/AstraZeneca,780295,Czechia
2021-07-10,Johnson&Johnson,98279,Czechia
2021-07-10,Moderna,764826,Czechia
2021-07-11,Pfizer/BioNTech,7344585,Czechia
2021-07-11,Johnson&Johnson,98308,Czechia
2021-07-11,Moderna,765255,Czechia
2021-07-11,Oxford/AstraZeneca,780708,Czechia
2021-07-12,Oxford/AstraZeneca,786122,Czechia
2021-07-12,Pfizer/BioNTech,7422371,Czechia
2021-07-12,Johnson&Johnson,99617,Czechia
2021-07-12,Moderna,775390,Czechia
2021-07-13,Pfizer/BioNTech,7498046,Czechia
2021-07-13,Oxford/AstraZeneca,793062,Czechia
2021-07-13,Johnson&Johnson,101451,Czechia
2021-07-13,Moderna,784504,Czechia
2021-07-14,Johnson&Johnson,103427,Czechia
2021-07-14,Moderna,792848,Czechia
2021-07-14,Oxford/AstraZeneca,799914,Czechia
2021-07-14,Pfizer/BioNTech,7576219,Czechia
2021-07-15,Pfizer/BioNTech,7651422,Czechia
2021-07-15,Oxford/AstraZeneca,806969,Czechia
2021-07-15,Moderna,800338,Czechia
2021-07-15,Johnson&Johnson,105765,Czechia
2021-07-16,Johnson&Johnson,108218,Czechia
2021-07-16,Moderna,808437,Czechia
2021-07-16,Oxford/AstraZeneca,812051,Czechia
2021-07-16,Pfizer/BioNTech,7733028,Czechia
2021-07-17,Johnson&Johnson,108705,Czechia
2021-07-17,Moderna,808896,Czechia
2021-07-17,Oxford/AstraZeneca,812182,Czechia
2021-07-17,Pfizer/BioNTech,7771387,Czechia
2021-07-18,Pfizer/BioNTech,7804000,Czechia
2021-07-18,Oxford/AstraZeneca,812190,Czechia
2021-07-18,Johnson&Johnson,108989,Czechia
2021-07-18,Moderna,809431,Czechia
2021-07-19,Johnson&Johnson,110231,Czechia
2021-07-19,Moderna,816072,Czechia
2021-07-19,Oxford/AstraZeneca,816215,Czechia
2021-07-19,Pfizer/BioNTech,7880176,Czechia
2021-07-20,Johnson&Johnson,112093,Czechia
2021-07-20,Moderna,822337,Czechia
2021-07-20,Oxford/AstraZeneca,821667,Czechia
2021-07-20,Pfizer/BioNTech,7952440,Czechia
2021-07-21,Pfizer/BioNTech,8021683,Czechia
2021-07-21,Oxford/AstraZeneca,826885,Czechia
2021-07-21,Moderna,828305,Czechia
2021-07-21,Johnson&Johnson,114708,Czechia
2021-07-22,Johnson&Johnson,117575,Czechia
2021-07-22,Moderna,833870,Czechia
2021-07-22,Oxford/AstraZeneca,831380,Czechia
2021-07-22,Pfizer/BioNTech,8085778,Czechia
2021-07-23,Johnson&Johnson,120375,Czechia
2021-07-23,Moderna,838521,Czechia
2021-07-23,Oxford/AstraZeneca,834200,Czechia
2021-07-23,Pfizer/BioNTech,8149148,Czechia
2021-07-24,Pfizer/BioNTech,8180959,Czechia
2021-07-24,Oxford/AstraZeneca,834305,Czechia
2021-07-24,Johnson&Johnson,121349,Czechia
2021-07-24,Moderna,838960,Czechia
2021-07-25,Johnson&Johnson,122217,Czechia
2021-07-25,Moderna,839270,Czechia
2021-07-25,Oxford/AstraZeneca,834327,Czechia
2021-07-25,Pfizer/BioNTech,8206844,Czechia
2021-07-26,Pfizer/BioNTech,8266344,Czechia
2021-07-26,Johnson&Johnson,124325,Czechia
2021-07-26,Moderna,842335,Czechia
2021-07-26,Oxford/AstraZeneca,837346,Czechia
2021-07-27,Pfizer/BioNTech,8320392,Czechia
2021-07-27,Oxford/AstraZeneca,841488,Czechia
2021-07-27,Moderna,845690,Czechia
2021-07-27,Johnson&Johnson,126898,Czechia
2021-07-28,Pfizer/BioNTech,8371287,Czechia
2021-07-28,Johnson&Johnson,130108,Czechia
2021-07-28,Moderna,848729,Czechia
2021-07-28,Oxford/AstraZeneca,845597,Czechia
2021-07-29,Moderna,851135,Czechia
2021-07-29,Oxford/AstraZeneca,849402,Czechia
2021-07-29,Johnson&Johnson,132632,Czechia
2021-07-29,Pfizer/BioNTech,8418858,Czechia
